Repository Name,Repository URL,Stars,Forks,Contributor Name,Contributions
gun,https://github.com/amark/gun,17044,1149,amark,1715
gun,https://github.com/amark/gun,17044,1149,mhelander,132
gun,https://github.com/amark/gun,17044,1149,sirpy,62
gun,https://github.com/amark/gun,17044,1149,PsychoLlama,57
gun,https://github.com/amark/gun,17044,1149,rogowski,42
gun,https://github.com/amark/gun,17044,1149,d3x0r,35
gun,https://github.com/amark/gun,17044,1149,mimiza,32
gun,https://github.com/amark/gun,17044,1149,mmalmi,26
gun,https://github.com/amark/gun,17044,1149,hillct,26
gun,https://github.com/amark/gun,17044,1149,jussiry,17
gun,https://github.com/amark/gun,17044,1149,tcurdt,14
gun,https://github.com/amark/gun,17044,1149,alexlafroscia,11
gun,https://github.com/amark/gun,17044,1149,bluelovers,11
gun,https://github.com/amark/gun,17044,1149,sjones6,10
gun,https://github.com/amark/gun,17044,1149,bmatusiak,9
gun,https://github.com/amark/gun,17044,1149,metasean,9
gun,https://github.com/amark/gun,17044,1149,zwhitchcox,9
gun,https://github.com/amark/gun,17044,1149,victornoel,9
gun,https://github.com/amark/gun,17044,1149,estebanrfp,8
gun,https://github.com/amark/gun,17044,1149,masterex1000,8
gun,https://github.com/amark/gun,17044,1149,Dletta,7
gun,https://github.com/amark/gun,17044,1149,noctisatrae,6
gun,https://github.com/amark/gun,17044,1149,lguzzon,6
gun,https://github.com/amark/gun,17044,1149,robertheessels,6
gun,https://github.com/amark/gun,17044,1149,Velua,5
gun,https://github.com/amark/gun,17044,1149,mboperator,5
gun,https://github.com/amark/gun,17044,1149,orimay,5
gun,https://github.com/amark/gun,17044,1149,diatche,5
gun,https://github.com/amark/gun,17044,1149,boufni95,5
gun,https://github.com/amark/gun,17044,1149,Stefdv,4
gun,https://github.com/amark/gun,17044,1149,nsreed,4
gun,https://github.com/amark/gun,17044,1149,brysgo,3
gun,https://github.com/amark/gun,17044,1149,jamesrez,3
gun,https://github.com/amark/gun,17044,1149,septs,3
gun,https://github.com/amark/gun,17044,1149,toka,3
gun,https://github.com/amark/gun,17044,1149,go1dfish,3
gun,https://github.com/amark/gun,17044,1149,colealbon,2
gun,https://github.com/amark/gun,17044,1149,danfinlay,2
gun,https://github.com/amark/gun,17044,1149,draeder,2
gun,https://github.com/amark/gun,17044,1149,DanielRuf,2
gun,https://github.com/amark/gun,17044,1149,Emad-salah,2
gun,https://github.com/amark/gun,17044,1149,georgyo,2
gun,https://github.com/amark/gun,17044,1149,zer09,2
gun,https://github.com/amark/gun,17044,1149,i001962,2
gun,https://github.com/amark/gun,17044,1149,jabis,2
gun,https://github.com/amark/gun,17044,1149,Shadyzpop,2
gun,https://github.com/amark/gun,17044,1149,jadbox,2
gun,https://github.com/amark/gun,17044,1149,TheHollidayInn,2
gun,https://github.com/amark/gun,17044,1149,marcus7777,2
gun,https://github.com/amark/gun,17044,1149,richardanaya,2
gun,https://github.com/amark/gun,17044,1149,ch-ance,2
gun,https://github.com/amark/gun,17044,1149,devel-pa,2
gun,https://github.com/amark/gun,17044,1149,dfreire,2
gun,https://github.com/amark/gun,17044,1149,rayros,2
gun,https://github.com/amark/gun,17044,1149,resession,2
gun,https://github.com/amark/gun,17044,1149,allain,2
gun,https://github.com/amark/gun,17044,1149,btelles,2
gun,https://github.com/amark/gun,17044,1149,BillyNate,2
gun,https://github.com/amark/gun,17044,1149,nicastelo,2
gun,https://github.com/amark/gun,17044,1149,coolaj86,1
gun,https://github.com/amark/gun,17044,1149,allenhartwig,1
gun,https://github.com/amark/gun,17044,1149,nuragic,1
gun,https://github.com/amark/gun,17044,1149,atjn,1
gun,https://github.com/amark/gun,17044,1149,timaschew,1
gun,https://github.com/amark/gun,17044,1149,shamsartem,1
gun,https://github.com/amark/gun,17044,1149,BartNetJS,1
gun,https://github.com/amark/gun,17044,1149,brunoenten,1
gun,https://github.com/amark/gun,17044,1149,alterx,1
gun,https://github.com/amark/gun,17044,1149,ChihChienKung,1
gun,https://github.com/amark/gun,17044,1149,cchamberlain,1
gun,https://github.com/amark/gun,17044,1149,rex4539,1
gun,https://github.com/amark/gun,17044,1149,egiw,1
gun,https://github.com/amark/gun,17044,1149,langholz,1
gun,https://github.com/amark/gun,17044,1149,eriteric,1
gun,https://github.com/amark/gun,17044,1149,eschapp,1
gun,https://github.com/amark/gun,17044,1149,forrestjt,1
gun,https://github.com/amark/gun,17044,1149,71,1
gun,https://github.com/amark/gun,17044,1149,pepyta,1
gun,https://github.com/amark/gun,17044,1149,hellocodeM,1
gun,https://github.com/amark/gun,17044,1149,imuli,1
gun,https://github.com/amark/gun,17044,1149,jairusjoer,1
gun,https://github.com/amark/gun,17044,1149,jeff-hykin,1
gun,https://github.com/amark/gun,17044,1149,bioshazard,1
gun,https://github.com/amark/gun,17044,1149,JoeThielen,1
gun,https://github.com/amark/gun,17044,1149,theonlyjohnny,1
gun,https://github.com/amark/gun,17044,1149,jokesterfr,1
gun,https://github.com/amark/gun,17044,1149,Joncom,1
gun,https://github.com/amark/gun,17044,1149,JK0N,1
gun,https://github.com/amark/gun,17044,1149,revolunet,1
gun,https://github.com/amark/gun,17044,1149,karuppiah7890,1
gun,https://github.com/amark/gun,17044,1149,kevinashworth,1
gun,https://github.com/amark/gun,17044,1149,xizhao,1
gun,https://github.com/amark/gun,17044,1149,bugs181,1
gun,https://github.com/amark/gun,17044,1149,lmangani,1
gun,https://github.com/amark/gun,17044,1149,MaciejDot,1
gun,https://github.com/amark/gun,17044,1149,ma1ted,1
gun,https://github.com/amark/gun,17044,1149,miclill,1
gun,https://github.com/amark/gun,17044,1149,MikePadge,1
gun,https://github.com/amark/gun,17044,1149,Napzu,1
gun,https://github.com/amark/gun,17044,1149,aethiop,1
gun,https://github.com/amark/gun,17044,1149,PenguinMan98,1
gun,https://github.com/amark/gun,17044,1149,Promaethius,1
gun,https://github.com/amark/gun,17044,1149,finwo,1
gun,https://github.com/amark/gun,17044,1149,sbeleidy,1
gun,https://github.com/amark/gun,17044,1149,ShalokShalom,1
gun,https://github.com/amark/gun,17044,1149,sbalbalosa,1
gun,https://github.com/amark/gun,17044,1149,ShaunSHamilton,1
gun,https://github.com/amark/gun,17044,1149,Tedko,1
gun,https://github.com/amark/gun,17044,1149,swhgoon,1
gun,https://github.com/amark/gun,17044,1149,tomodutch,1
gun,https://github.com/amark/gun,17044,1149,zoernert,1
gun,https://github.com/amark/gun,17044,1149,YangHanlin,1
gun,https://github.com/amark/gun,17044,1149,toyoko-we,1
gun,https://github.com/amark/gun,17044,1149,zspencer,1
gun,https://github.com/amark/gun,17044,1149,abenezermario,1
gun,https://github.com/amark/gun,17044,1149,ayurmedia,1
gun,https://github.com/amark/gun,17044,1149,bbayazit16,1
gun,https://github.com/amark/gun,17044,1149,damian-tripbuddi,1
gun,https://github.com/amark/gun,17044,1149,davay42,1
gun,https://github.com/amark/gun,17044,1149,davidsmooke,1
gun,https://github.com/amark/gun,17044,1149,eugenioclrc,1
gun,https://github.com/amark/gun,17044,1149,fjoshuajr,1
gun,https://github.com/amark/gun,17044,1149,genderev,1
gun,https://github.com/amark/gun,17044,1149,skzap,1
gun,https://github.com/amark/gun,17044,1149,jojobyte,1
gun,https://github.com/amark/gun,17044,1149,kumavis,1
gun,https://github.com/amark/gun,17044,1149,cl0vrfi3ld,1
gun,https://github.com/amark/gun,17044,1149,marcomow,1
gun,https://github.com/amark/gun,17044,1149,moses5407,1
gun,https://github.com/amark/gun,17044,1149,negue,1
gun,https://github.com/amark/gun,17044,1149,reinerBa,1
gun,https://github.com/amark/gun,17044,1149,smpsnr,1
gun,https://github.com/amark/gun,17044,1149,timweprovide,1
cset,https://github.com/cisagov/cset,1047,199,randywoods,2824
cset,https://github.com/cisagov/cset,1047,199,Marcus-Goeckner,1701
cset,https://github.com/cisagov/cset,1047,199,jekuipers,1393
cset,https://github.com/cisagov/cset,1047,199,inlguy,1225
cset,https://github.com/cisagov/cset,1047,199,mattrwins,345
cset,https://github.com/cisagov/cset,1047,199,MathesonBrett,324
cset,https://github.com/cisagov/cset,1047,199,dependabot[bot],174
cset,https://github.com/cisagov/cset,1047,199,pinndulum,127
cset,https://github.com/cisagov/cset,1047,199,pmercado23,125
cset,https://github.com/cisagov/cset,1047,199,nwoodr94,104
cset,https://github.com/cisagov/cset,1047,199,ijohnnmotleyl,90
cset,https://github.com/cisagov/cset,1047,199,dylanj1752,75
cset,https://github.com/cisagov/cset,1047,199,lcantillo84,61
cset,https://github.com/cisagov/cset,1047,199,michael-jennings,39
cset,https://github.com/cisagov/cset,1047,199,dsantiagojobs,34
cset,https://github.com/cisagov/cset,1047,199,GitHubTodd,23
cset,https://github.com/cisagov/cset,1047,199,paultd5,22
cset,https://github.com/cisagov/cset,1047,199,snyk-bot,22
cset,https://github.com/cisagov/cset,1047,199,douglasstull,14
cset,https://github.com/cisagov/cset,1047,199,felddy,12
cset,https://github.com/cisagov/cset,1047,199,zenine07,9
cset,https://github.com/cisagov/cset,1047,199,mckenziewillmore,7
cset,https://github.com/cisagov/cset,1047,199,Broski687,3
cset,https://github.com/cisagov/cset,1047,199,CharlesMCarroll,2
cset,https://github.com/cisagov/cset,1047,199,guyzyl,2
cset,https://github.com/cisagov/cset,1047,199,hanskp,2
cset,https://github.com/cisagov/cset,1047,199,jsf9k,2
cset,https://github.com/cisagov/cset,1047,199,randywoods1,1
Cybersecurity-Resources,https://github.com/Nickyie/Cybersecurity-Resources,1857,299,Nickyie,42
Cybersecurity-Resources,https://github.com/Nickyie/Cybersecurity-Resources,1857,299,curtainteddy,3
awesome-ml-for-cybersecurity,https://github.com/jivoi/awesome-ml-for-cybersecurity,5817,1603,jivoi,91
awesome-ml-for-cybersecurity,https://github.com/jivoi/awesome-ml-for-cybersecurity,5817,1603,PolluxAvenger,10
awesome-ml-for-cybersecurity,https://github.com/jivoi/awesome-ml-for-cybersecurity,5817,1603,gubertoli,7
awesome-ml-for-cybersecurity,https://github.com/jivoi/awesome-ml-for-cybersecurity,5817,1603,ucmani,4
awesome-ml-for-cybersecurity,https://github.com/jivoi/awesome-ml-for-cybersecurity,5817,1603,whyisyoung,2
awesome-ml-for-cybersecurity,https://github.com/jivoi/awesome-ml-for-cybersecurity,5817,1603,ankitkul,1
awesome-ml-for-cybersecurity,https://github.com/jivoi/awesome-ml-for-cybersecurity,5817,1603,hgascon,1
awesome-ml-for-cybersecurity,https://github.com/jivoi/awesome-ml-for-cybersecurity,5817,1603,jaivanti,1
awesome-ml-for-cybersecurity,https://github.com/jivoi/awesome-ml-for-cybersecurity,5817,1603,ken5scal,1
awesome-ml-for-cybersecurity,https://github.com/jivoi/awesome-ml-for-cybersecurity,5817,1603,Limmen,1
awesome-ml-for-cybersecurity,https://github.com/jivoi/awesome-ml-for-cybersecurity,5817,1603,szeitlin,1
awesome-ml-for-cybersecurity,https://github.com/jivoi/awesome-ml-for-cybersecurity,5817,1603,emmanueltsukerman,1
awesome-ml-for-cybersecurity,https://github.com/jivoi/awesome-ml-for-cybersecurity,5817,1603,fruitforce,1
awesome-ml-for-cybersecurity,https://github.com/jivoi/awesome-ml-for-cybersecurity,5817,1603,paralax,1
awesome-ml-for-cybersecurity,https://github.com/jivoi/awesome-ml-for-cybersecurity,5817,1603,qiwihui,1
awesome-ml-for-cybersecurity,https://github.com/jivoi/awesome-ml-for-cybersecurity,5817,1603,wyq10,1
OPCDE,https://github.com/msuiche/OPCDE,575,148,msuiche,99
OPCDE,https://github.com/msuiche/OPCDE,575,148,roachspray,12
OPCDE,https://github.com/msuiche/OPCDE,575,148,andrewreiter,9
OPCDE,https://github.com/msuiche/OPCDE,575,148,crinabucur,2
OPCDE,https://github.com/msuiche/OPCDE,575,148,maartenvhb,2
OPCDE,https://github.com/msuiche/OPCDE,575,148,gelim,2
OPCDE,https://github.com/msuiche/OPCDE,575,148,Voulnet,2
OPCDE,https://github.com/msuiche/OPCDE,575,148,tim-becker,2
OPCDE,https://github.com/msuiche/OPCDE,575,148,williballenthin,2
OPCDE,https://github.com/msuiche/OPCDE,575,148,abazhaniuk,2
OPCDE,https://github.com/msuiche/OPCDE,575,148,adulau,1
OPCDE,https://github.com/msuiche/OPCDE,575,148,AndreyBazhan,1
OPCDE,https://github.com/msuiche/OPCDE,575,148,ChrisTruncer,1
OPCDE,https://github.com/msuiche/OPCDE,575,148,jcarlson23,1
OPCDE,https://github.com/msuiche/OPCDE,575,148,MSAdministrator,1
OPCDE,https://github.com/msuiche/OPCDE,575,148,ohjeongwook,1
OPCDE,https://github.com/msuiche/OPCDE,575,148,mazen160,1
OPCDE,https://github.com/msuiche/OPCDE,575,148,ufrisk,1
OPCDE,https://github.com/msuiche/OPCDE,575,148,dekeneas,1
OPCDE,https://github.com/msuiche/OPCDE,575,148,joxeankoret,1
OPCDE,https://github.com/msuiche/OPCDE,575,148,edwardz246003,1
cybersecurity-career-path,https://github.com/rezaduty/cybersecurity-career-path,494,94,rezaduty,166
cybersecurity-career-path,https://github.com/rezaduty/cybersecurity-career-path,494,94,security-prince,2
cybersecurity-career-path,https://github.com/rezaduty/cybersecurity-career-path,494,94,ImgBotApp,1
cybersecurity-career-path,https://github.com/rezaduty/cybersecurity-career-path,494,94,sazzad1337,1
cybersecurity-career-path,https://github.com/rezaduty/cybersecurity-career-path,494,94,PrynsTag,1
awesome-cybersecurity-blueteam,https://github.com/fabacab/awesome-cybersecurity-blueteam,3135,560,fabacab,177
awesome-cybersecurity-blueteam,https://github.com/fabacab/awesome-cybersecurity-blueteam,3135,560,austinsonger,2
awesome-cybersecurity-blueteam,https://github.com/fabacab/awesome-cybersecurity-blueteam,3135,560,fl0ppy-d1sk,1
awesome-cybersecurity-blueteam,https://github.com/fabacab/awesome-cybersecurity-blueteam,3135,560,0snap,1
awesome-cybersecurity-blueteam,https://github.com/fabacab/awesome-cybersecurity-blueteam,3135,560,gongjason,1
awesome-cybersecurity-blueteam,https://github.com/fabacab/awesome-cybersecurity-blueteam,3135,560,mavam,1
awesome-cybersecurity-blueteam,https://github.com/fabacab/awesome-cybersecurity-blueteam,3135,560,microcosem,1
awesome-cybersecurity-blueteam,https://github.com/fabacab/awesome-cybersecurity-blueteam,3135,560,spekulatius,1
awesome-cybersecurity-blueteam,https://github.com/fabacab/awesome-cybersecurity-blueteam,3135,560,aubrel,1
awesome-cybersecurity-blueteam,https://github.com/fabacab/awesome-cybersecurity-blueteam,3135,560,jaredfolkins,1
CyberSecurity,https://github.com/DerekBabb/CyberSecurity,524,151,DerekBabb,81
CyberSecurity,https://github.com/DerekBabb/CyberSecurity,524,151,CSEdJenna,4
CyberSecurity,https://github.com/DerekBabb/CyberSecurity,524,151,CareerAcademyAnthis,1
CyberSecurity,https://github.com/DerekBabb/CyberSecurity,524,151,afwolfe,1
CyberSecurity,https://github.com/DerekBabb/CyberSecurity,524,151,MathyMcMatherson,1
CyberSecurity,https://github.com/DerekBabb/CyberSecurity,524,151,Dunelandsue,1
CyberSecurity,https://github.com/DerekBabb/CyberSecurity,524,151,UltralegendSam-Fs,1
CyberSecurity,https://github.com/DerekBabb/CyberSecurity,524,151,vishalsingh9884,1
CyberSecurity,https://github.com/DerekBabb/CyberSecurity,524,151,coastaldemigod,1
CyberSecurity,https://github.com/DerekBabb/CyberSecurity,524,151,jocox5,1
CyberSecurity,https://github.com/DerekBabb/CyberSecurity,524,151,nickzivanovic,1
CyberSecurity,https://github.com/DerekBabb/CyberSecurity,524,151,tclegg1,1
infosec-resources,https://github.com/stong/infosec-resources,897,84,stong,24
infosec-resources,https://github.com/stong/infosec-resources,897,84,HelloHeart,1
infosec-resources,https://github.com/stong/infosec-resources,897,84,gautammenghani,1
infosec-resources,https://github.com/stong/infosec-resources,897,84,jgulian,1
Awesome-Cybersecurity-Datasets,https://github.com/shramos/Awesome-Cybersecurity-Datasets,824,188,shramos,12
Awesome-Cybersecurity-Datasets,https://github.com/shramos/Awesome-Cybersecurity-Datasets,824,188,Sajid576,1
Awesome-Cybersecurity-Datasets,https://github.com/shramos/Awesome-Cybersecurity-Datasets,824,188,daniele-sartiano,1
awesome-cybersecurity-internships,https://github.com/paralax/awesome-cybersecurity-internships,422,69,paralax,83
awesome-cybersecurity-internships,https://github.com/paralax/awesome-cybersecurity-internships,422,69,rjwc1,3
awesome-cybersecurity-internships,https://github.com/paralax/awesome-cybersecurity-internships,422,69,andrewreiter,2
awesome-cybersecurity-internships,https://github.com/paralax/awesome-cybersecurity-internships,422,69,SteveClement,2
awesome-cybersecurity-internships,https://github.com/paralax/awesome-cybersecurity-internships,422,69,jaegeral,1
awesome-cybersecurity-internships,https://github.com/paralax/awesome-cybersecurity-internships,422,69,adulau,1
awesome-cybersecurity-internships,https://github.com/paralax/awesome-cybersecurity-internships,422,69,koronkowy,1
awesome-cybersecurity-internships,https://github.com/paralax/awesome-cybersecurity-internships,422,69,fletchto99,1
awesome-cybersecurity-internships,https://github.com/paralax/awesome-cybersecurity-internships,422,69,sergedroz,1
awesome-cybersecurity-internships,https://github.com/paralax/awesome-cybersecurity-internships,422,69,sounil,1
Cybersecurity,https://github.com/harisqazi1/Cybersecurity,760,73,harisqazi1,82
Cybersecurity,https://github.com/harisqazi1/Cybersecurity,760,73,JayCruzer17,9
Cybersecurity,https://github.com/harisqazi1/Cybersecurity,760,73,yezz123,5
Cybersecurity,https://github.com/harisqazi1/Cybersecurity,760,73,jscoobyced,2
w12scan,https://github.com/w-digital-scanner/w12scan,1218,357,boy-hack,145
w12scan,https://github.com/w-digital-scanner/w12scan,1218,357,oliverklee,1
w12scan,https://github.com/w-digital-scanner/w12scan,1218,357,hack2012,1
CyberSecurityRSS,https://github.com/zer0yu/CyberSecurityRSS,1507,232,EurusEurus,1
CyberSecurityRSS,https://github.com/zer0yu/CyberSecurityRSS,1507,232,radekk,1
Machine-Learning-for-Cybersecurity-Cookbook,https://github.com/PacktPublishing/Machine-Learning-for-Cybersecurity-Cookbook,203,146,Packt-ITService,6
Machine-Learning-for-Cybersecurity-Cookbook,https://github.com/PacktPublishing/Machine-Learning-for-Cybersecurity-Cookbook,203,146,dineshpackt,5
Machine-Learning-for-Cybersecurity-Cookbook,https://github.com/PacktPublishing/Machine-Learning-for-Cybersecurity-Cookbook,203,146,packtutkarshr,3
Machine-Learning-for-Cybersecurity-Cookbook,https://github.com/PacktPublishing/Machine-Learning-for-Cybersecurity-Cookbook,203,146,emmanueltsukerman,1
NIST-CSF,https://github.com/brianwifaneye/NIST-CSF,112,43,brianwifaneye,17
Azure-Sentinel,https://github.com/Azure/Azure-Sentinel,3173,2216,oshezaf,1670
Azure-Sentinel,https://github.com/Azure/Azure-Sentinel,3173,2216,shainw,1354
Azure-Sentinel,https://github.com/Azure/Azure-Sentinel,3173,2216,NikTripathi,991
Azure-Sentinel,https://github.com/Azure/Azure-Sentinel,3173,2216,v-sabiraj,913
Azure-Sentinel,https://github.com/Azure/Azure-Sentinel,3173,2216,v-dvedak,639
Azure-Sentinel,https://github.com/Azure/Azure-Sentinel,3173,2216,vu-socprime,619
Azure-Sentinel,https://github.com/Azure/Azure-Sentinel,3173,2216,sreedharande,610
Azure-Sentinel,https://github.com/Azure/Azure-Sentinel,3173,2216,v-jayakal,600
Azure-Sentinel,https://github.com/Azure/Azure-Sentinel,3173,2216,aprakash13,556
Azure-Sentinel,https://github.com/Azure/Azure-Sentinel,3173,2216,morshabi,487
Azure-Sentinel,https://github.com/Azure/Azure-Sentinel,3173,2216,v-rucdu,473
Azure-Sentinel,https://github.com/Azure/Azure-Sentinel,3173,2216,petebryan,434
Azure-Sentinel,https://github.com/Azure/Azure-Sentinel,3173,2216,ashwin-patil,393
Azure-Sentinel,https://github.com/Azure/Azure-Sentinel,3173,2216,v-atulyadav,390
Azure-Sentinel,https://github.com/Azure/Azure-Sentinel,3173,2216,Amitbergman,351
Azure-Sentinel,https://github.com/Azure/Azure-Sentinel,3173,2216,anki-narravula,349
Azure-Sentinel,https://github.com/Azure/Azure-Sentinel,3173,2216,YaronFruchtmann,334
Azure-Sentinel,https://github.com/Azure/Azure-Sentinel,3173,2216,v-spadarthi,316
Azure-Sentinel,https://github.com/Azure/Azure-Sentinel,3173,2216,v-laanjana,306
Azure-Sentinel,https://github.com/Azure/Azure-Sentinel,3173,2216,juliango2100,299
Azure-Sentinel,https://github.com/Azure/Azure-Sentinel,3173,2216,spsocprime,280
Azure-Sentinel,https://github.com/Azure/Azure-Sentinel,3173,2216,v-marimanda,280
Azure-Sentinel,https://github.com/Azure/Azure-Sentinel,3173,2216,samikroy,255
Azure-Sentinel,https://github.com/Azure/Azure-Sentinel,3173,2216,devikamehra,251
Azure-Sentinel,https://github.com/Azure/Azure-Sentinel,3173,2216,RamboV,245
Azure-Sentinel,https://github.com/Azure/Azure-Sentinel,3173,2216,ep3p,231
Azure-Sentinel,https://github.com/Azure/Azure-Sentinel,3173,2216,amitcohen25,227
Azure-Sentinel,https://github.com/Azure/Azure-Sentinel,3173,2216,v-amolpatil,222
Azure-Sentinel,https://github.com/Azure/Azure-Sentinel,3173,2216,v-maudan,216
Azure-Sentinel,https://github.com/Azure/Azure-Sentinel,3173,2216,manishkumar1991,211
Azure-Sentinel,https://github.com/Azure/Azure-Sentinel,3173,2216,sarah-yo,203
Azure-Sentinel,https://github.com/Azure/Azure-Sentinel,3173,2216,NoamLandress,197
Azure-Sentinel,https://github.com/Azure/Azure-Sentinel,3173,2216,v-mchatla,187
Azure-Sentinel,https://github.com/Azure/Azure-Sentinel,3173,2216,tuxnam,176
Azure-Sentinel,https://github.com/Azure/Azure-Sentinel,3173,2216,vpaschalidis,169
Azure-Sentinel,https://github.com/Azure/Azure-Sentinel,3173,2216,thbanasi,169
Azure-Sentinel,https://github.com/Azure/Azure-Sentinel,3173,2216,yaelrbergman,163
Azure-Sentinel,https://github.com/Azure/Azure-Sentinel,3173,2216,preetikr,159
Azure-Sentinel,https://github.com/Azure/Azure-Sentinel,3173,2216,lior-tamir,157
Azure-Sentinel,https://github.com/Azure/Azure-Sentinel,3173,2216,AcceleryntSecurityDev,153
Azure-Sentinel,https://github.com/Azure/Azure-Sentinel,3173,2216,YuvalNaor,153
Azure-Sentinel,https://github.com/Azure/Azure-Sentinel,3173,2216,ahatekar,144
Azure-Sentinel,https://github.com/Azure/Azure-Sentinel,3173,2216,v-vdixit,136
Azure-Sentinel,https://github.com/Azure/Azure-Sentinel,3173,2216,averbn,132
Azure-Sentinel,https://github.com/Azure/Azure-Sentinel,3173,2216,v-prasadboke,124
Azure-Sentinel,https://github.com/Azure/Azure-Sentinel,3173,2216,keyoke,123
Azure-Sentinel,https://github.com/Azure/Azure-Sentinel,3173,2216,javiersoriano,119
Azure-Sentinel,https://github.com/Azure/Azure-Sentinel,3173,2216,shabaz-github,115
Azure-Sentinel,https://github.com/Azure/Azure-Sentinel,3173,2216,rushriva,115
Azure-Sentinel,https://github.com/Azure/Azure-Sentinel,3173,2216,dicolanl,111
Azure-Sentinel,https://github.com/Azure/Azure-Sentinel,3173,2216,vakohl,110
Azure-Sentinel,https://github.com/Azure/Azure-Sentinel,3173,2216,frozenstrawberries,107
Azure-Sentinel,https://github.com/Azure/Azure-Sentinel,3173,2216,liatlishams,104
Azure-Sentinel,https://github.com/Azure/Azure-Sentinel,3173,2216,rahul0216,103
Azure-Sentinel,https://github.com/Azure/Azure-Sentinel,3173,2216,malowe101,102
Azure-Sentinel,https://github.com/Azure/Azure-Sentinel,3173,2216,thmcelro,101
Azure-Sentinel,https://github.com/Azure/Azure-Sentinel,3173,2216,zhzhao8888,101
Azure-Sentinel,https://github.com/Azure/Azure-Sentinel,3173,2216,AdrianRecFut,97
Azure-Sentinel,https://github.com/Azure/Azure-Sentinel,3173,2216,gitj121,97
Azure-Sentinel,https://github.com/Azure/Azure-Sentinel,3173,2216,VenkataPrathibha,93
Azure-Sentinel,https://github.com/Azure/Azure-Sentinel,3173,2216,fs-connect,89
Azure-Sentinel,https://github.com/Azure/Azure-Sentinel,3173,2216,RecordedFutureOskbo,86
Azure-Sentinel,https://github.com/Azure/Azure-Sentinel,3173,2216,liemilyg,85
Azure-Sentinel,https://github.com/Azure/Azure-Sentinel,3173,2216,mariavaladas,85
Azure-Sentinel,https://github.com/Azure/Azure-Sentinel,3173,2216,Moshe-RA,83
Azure-Sentinel,https://github.com/Azure/Azure-Sentinel,3173,2216,iwafula025,81
Azure-Sentinel,https://github.com/Azure/Azure-Sentinel,3173,2216,aviatam,79
Azure-Sentinel,https://github.com/Azure/Azure-Sentinel,3173,2216,sivanguetta,78
Azure-Sentinel,https://github.com/Azure/Azure-Sentinel,3173,2216,rinure-msft,78
Azure-Sentinel,https://github.com/Azure/Azure-Sentinel,3173,2216,azurekid,78
Azure-Sentinel,https://github.com/Azure/Azure-Sentinel,3173,2216,v-ampami,77
Azure-Sentinel,https://github.com/Azure/Azure-Sentinel,3173,2216,rajendrakhabiyagate6,73
Azure-Sentinel,https://github.com/Azure/Azure-Sentinel,3173,2216,Cyb3rWard0g,73
Azure-Sentinel,https://github.com/Azure/Azure-Sentinel,3173,2216,Yaniv-Shasha,73
Azure-Sentinel,https://github.com/Azure/Azure-Sentinel,3173,2216,briandelmsft,73
Azure-Sentinel,https://github.com/Azure/Azure-Sentinel,3173,2216,SCStelz,71
Azure-Sentinel,https://github.com/Azure/Azure-Sentinel,3173,2216,KustoKing,69
Azure-Sentinel,https://github.com/Azure/Azure-Sentinel,3173,2216,elforb,68
Azure-Sentinel,https://github.com/Azure/Azure-Sentinel,3173,2216,tj-senserva,67
Azure-Sentinel,https://github.com/Azure/Azure-Sentinel,3173,2216,ShaniFelig,65
Azure-Sentinel,https://github.com/Azure/Azure-Sentinel,3173,2216,hesaad,65
Azure-Sentinel,https://github.com/Azure/Azure-Sentinel,3173,2216,v-admahe,65
Azure-Sentinel,https://github.com/Azure/Azure-Sentinel,3173,2216,AmitBergman12,59
Azure-Sentinel,https://github.com/Azure/Azure-Sentinel,3173,2216,mkchiliveri,58
Azure-Sentinel,https://github.com/Azure/Azure-Sentinel,3173,2216,BenjiSec,57
Azure-Sentinel,https://github.com/Azure/Azure-Sentinel,3173,2216,timbMSFT,57
Azure-Sentinel,https://github.com/Azure/Azure-Sentinel,3173,2216,syed-loginsoft,55
Azure-Sentinel,https://github.com/Azure/Azure-Sentinel,3173,2216,sschuur,53
Azure-Sentinel,https://github.com/Azure/Azure-Sentinel,3173,2216,sagamzu,53
Azure-Sentinel,https://github.com/Azure/Azure-Sentinel,3173,2216,swiftsolves-msft,52
Azure-Sentinel,https://github.com/Azure/Azure-Sentinel,3173,2216,KobyKoren,51
Azure-Sentinel,https://github.com/Azure/Azure-Sentinel,3173,2216,erant10,51
Azure-Sentinel,https://github.com/Azure/Azure-Sentinel,3173,2216,azuresentinelgithub,50
Azure-Sentinel,https://github.com/Azure/Azure-Sentinel,3173,2216,v-rbajaj,50
Azure-Sentinel,https://github.com/Azure/Azure-Sentinel,3173,2216,t-shaviv,50
Azure-Sentinel,https://github.com/Azure/Azure-Sentinel,3173,2216,c03vikas,48
Azure-Sentinel,https://github.com/Azure/Azure-Sentinel,3173,2216,FlyingBlueMonkey,45
Azure-Sentinel,https://github.com/Azure/Azure-Sentinel,3173,2216,dmaasland,44
Azure-Sentinel,https://github.com/Azure/Azure-Sentinel,3173,2216,prtanej,44
Azure-Sentinel,https://github.com/Azure/Azure-Sentinel,3173,2216,danielohfeld,43
Azure-Sentinel,https://github.com/Azure/Azure-Sentinel,3173,2216,github-actions[bot],42
Azure-Sentinel,https://github.com/Azure/Azure-Sentinel,3173,2216,shikhin-metron,42
Azure-Sentinel,https://github.com/Azure/Azure-Sentinel,3173,2216,TheCloudScout,41
Azure-Sentinel,https://github.com/Azure/Azure-Sentinel,3173,2216,seanmacdonald8,40
Azure-Sentinel,https://github.com/Azure/Azure-Sentinel,3173,2216,Jujure,39
Azure-Sentinel,https://github.com/Azure/Azure-Sentinel,3173,2216,dimmand,38
Azure-Sentinel,https://github.com/Azure/Azure-Sentinel,3173,2216,JustasZDT,38
Azure-Sentinel,https://github.com/Azure/Azure-Sentinel,3173,2216,goosvorbook,36
Azure-Sentinel,https://github.com/Azure/Azure-Sentinel,3173,2216,hollyollyoxenfree,36
Azure-Sentinel,https://github.com/Azure/Azure-Sentinel,3173,2216,ChuckWil,36
Azure-Sentinel,https://github.com/Azure/Azure-Sentinel,3173,2216,fgu-vectra,35
Azure-Sentinel,https://github.com/Azure/Azure-Sentinel,3173,2216,yaronMSFT,35
Azure-Sentinel,https://github.com/Azure/Azure-Sentinel,3173,2216,cwatson-cat,34
Azure-Sentinel,https://github.com/Azure/Azure-Sentinel,3173,2216,itsreallynick,34
Azure-Sentinel,https://github.com/Azure/Azure-Sentinel,3173,2216,adamhuang97,34
Azure-Sentinel,https://github.com/Azure/Azure-Sentinel,3173,2216,mocean-v,34
Azure-Sentinel,https://github.com/Azure/Azure-Sentinel,3173,2216,tamirkopitz,33
Azure-Sentinel,https://github.com/Azure/Azure-Sentinel,3173,2216,tatecksi,33
Azure-Sentinel,https://github.com/Azure/Azure-Sentinel,3173,2216,kenrward,33
Azure-Sentinel,https://github.com/Azure/Azure-Sentinel,3173,2216,chinguyen1,32
Azure-Sentinel,https://github.com/Azure/Azure-Sentinel,3173,2216,CliveW-MSFT,31
Azure-Sentinel,https://github.com/Azure/Azure-Sentinel,3173,2216,txhaflaire,30
Azure-Sentinel,https://github.com/Azure/Azure-Sentinel,3173,2216,Tichandr,30
Azure-Sentinel,https://github.com/Azure/Azure-Sentinel,3173,2216,dnunes-domaintools,29
Azure-Sentinel,https://github.com/Azure/Azure-Sentinel,3173,2216,NikitaGrunskyHolm,29
Azure-Sentinel,https://github.com/Azure/Azure-Sentinel,3173,2216,Iftekharh,28
Azure-Sentinel,https://github.com/Azure/Azure-Sentinel,3173,2216,robMSFT,27
Azure-Sentinel,https://github.com/Azure/Azure-Sentinel,3173,2216,sonalimeshram21,27
Azure-Sentinel,https://github.com/Azure/Azure-Sentinel,3173,2216,ThijsLecomte,27
Azure-Sentinel,https://github.com/Azure/Azure-Sentinel,3173,2216,Ronmarsiano,26
Azure-Sentinel,https://github.com/Azure/Azure-Sentinel,3173,2216,dependabot[bot],25
Azure-Sentinel,https://github.com/Azure/Azure-Sentinel,3173,2216,ehudk-msft,25
Azure-Sentinel,https://github.com/Azure/Azure-Sentinel,3173,2216,0xffhh,25
Azure-Sentinel,https://github.com/Azure/Azure-Sentinel,3173,2216,ianhelle,24
Azure-Sentinel,https://github.com/Azure/Azure-Sentinel,3173,2216,haneuvir,24
Azure-Sentinel,https://github.com/Azure/Azure-Sentinel,3173,2216,itay6588,24
Azure-Sentinel,https://github.com/Azure/Azure-Sentinel,3173,2216,nniryanb,24
Azure-Sentinel,https://github.com/Azure/Azure-Sentinel,3173,2216,richlilly2004,24
Azure-Sentinel,https://github.com/Azure/Azure-Sentinel,3173,2216,daspiker,23
Azure-Sentinel,https://github.com/Azure/Azure-Sentinel,3173,2216,pemontto,23
Azure-Sentinel,https://github.com/Azure/Azure-Sentinel,3173,2216,rc-iwoodley,23
Azure-Sentinel,https://github.com/Azure/Azure-Sentinel,3173,2216,4R9UN,23
Azure-Sentinel,https://github.com/Azure/Azure-Sentinel,3173,2216,rjubran,23
Azure-Sentinel,https://github.com/Azure/Azure-Sentinel,3173,2216,shalinoid,22
Azure-Sentinel,https://github.com/Azure/Azure-Sentinel,3173,2216,tianderturpijn,22
Azure-Sentinel,https://github.com/Azure/Azure-Sentinel,3173,2216,jayeshprajapaticrest,22
Azure-Sentinel,https://github.com/Azure/Azure-Sentinel,3173,2216,nlepagnez,22
Azure-Sentinel,https://github.com/Azure/Azure-Sentinel,3173,2216,cyberpion-yotam,22
Azure-Sentinel,https://github.com/Azure/Azure-Sentinel,3173,2216,mburrough,21
Azure-Sentinel,https://github.com/Azure/Azure-Sentinel,3173,2216,rheabansal,21
Azure-Sentinel,https://github.com/Azure/Azure-Sentinel,3173,2216,ritika-msft,21
Azure-Sentinel,https://github.com/Azure/Azure-Sentinel,3173,2216,rons4,21
Azure-Sentinel,https://github.com/Azure/Azure-Sentinel,3173,2216,happy-jo,20
Azure-Sentinel,https://github.com/Azure/Azure-Sentinel,3173,2216,lokiyiz,20
Azure-Sentinel,https://github.com/Azure/Azure-Sentinel,3173,2216,MSFTandrelom,20
Azure-Sentinel,https://github.com/Azure/Azure-Sentinel,3173,2216,ShirSabag,20
Azure-Sentinel,https://github.com/Azure/Azure-Sentinel,3173,2216,Nchristis,19
Azure-Sentinel,https://github.com/Azure/Azure-Sentinel,3173,2216,yoweiz,19
Azure-Sentinel,https://github.com/Azure/Azure-Sentinel,3173,2216,juju4,18
Azure-Sentinel,https://github.com/Azure/Azure-Sentinel,3173,2216,mvforgione,18
Azure-Sentinel,https://github.com/Azure/Azure-Sentinel,3173,2216,andriykozynets,17
Azure-Sentinel,https://github.com/Azure/Azure-Sentinel,3173,2216,kloudynetklassrooms,17
Azure-Sentinel,https://github.com/Azure/Azure-Sentinel,3173,2216,seanstark,17
Azure-Sentinel,https://github.com/Azure/Azure-Sentinel,3173,2216,AaronHoffmannRL,17
Azure-Sentinel,https://github.com/Azure/Azure-Sentinel,3173,2216,v-sumdh,17
Azure-Sentinel,https://github.com/Azure/Azure-Sentinel,3173,2216,clivewatson,16
Azure-Sentinel,https://github.com/Azure/Azure-Sentinel,3173,2216,ityankel,16
Azure-Sentinel,https://github.com/Azure/Azure-Sentinel,3173,2216,prashant-kagwad-sp,16
Azure-Sentinel,https://github.com/Azure/Azure-Sentinel,3173,2216,BlackB0lt,16
Azure-Sentinel,https://github.com/Azure/Azure-Sentinel,3173,2216,msft-sm,16
Azure-Sentinel,https://github.com/Azure/Azure-Sentinel,3173,2216,abhirooppal,16
Azure-Sentinel,https://github.com/Azure/Azure-Sentinel,3173,2216,AndrewBlumhardt,16
Azure-Sentinel,https://github.com/Azure/Azure-Sentinel,3173,2216,cmaneiro,16
Azure-Sentinel,https://github.com/Azure/Azure-Sentinel,3173,2216,SenservaCheng,15
Azure-Sentinel,https://github.com/Azure/Azure-Sentinel,3173,2216,K-Patel-NC,15
Azure-Sentinel,https://github.com/Azure/Azure-Sentinel,3173,2216,SunRift,15
Azure-Sentinel,https://github.com/Azure/Azure-Sentinel,3173,2216,caroline-sacumen,15
Azure-Sentinel,https://github.com/Azure/Azure-Sentinel,3173,2216,joshuacyberiskvision,15
Azure-Sentinel,https://github.com/Azure/Azure-Sentinel,3173,2216,infernuxmonster,15
Azure-Sentinel,https://github.com/Azure/Azure-Sentinel,3173,2216,laithhisham,15
Azure-Sentinel,https://github.com/Azure/Azure-Sentinel,3173,2216,aymenim,14
Azure-Sentinel,https://github.com/Azure/Azure-Sentinel,3173,2216,davidaustinarcher,14
Azure-Sentinel,https://github.com/Azure/Azure-Sentinel,3173,2216,dlo-bagari,14
Azure-Sentinel,https://github.com/Azure/Azure-Sentinel,3173,2216,ujayant,14
Azure-Sentinel,https://github.com/Azure/Azure-Sentinel,3173,2216,kushaljh,14
Azure-Sentinel,https://github.com/Azure/Azure-Sentinel,3173,2216,mahelsay,14
Azure-Sentinel,https://github.com/Azure/Azure-Sentinel,3173,2216,adarshb20,14
Azure-Sentinel,https://github.com/Azure/Azure-Sentinel,3173,2216,jross1012,14
Azure-Sentinel,https://github.com/Azure/Azure-Sentinel,3173,2216,m4nbat,14
Azure-Sentinel,https://github.com/Azure/Azure-Sentinel,3173,2216,Korving-F,14
Azure-Sentinel,https://github.com/Azure/Azure-Sentinel,3173,2216,ITSec365,13
Azure-Sentinel,https://github.com/Azure/Azure-Sentinel,3173,2216,JimmyJamTQBD,13
Azure-Sentinel,https://github.com/Azure/Azure-Sentinel,3173,2216,jonahbaron,13
Azure-Sentinel,https://github.com/Azure/Azure-Sentinel,3173,2216,LilymaMS,13
Azure-Sentinel,https://github.com/Azure/Azure-Sentinel,3173,2216,nazang,13
Azure-Sentinel,https://github.com/Azure/Azure-Sentinel,3173,2216,javaservlets,13
Azure-Sentinel,https://github.com/Azure/Azure-Sentinel,3173,2216,libarson,13
Azure-Sentinel,https://github.com/Azure/Azure-Sentinel,3173,2216,ns-schaudhry,13
Azure-Sentinel,https://github.com/Azure/Azure-Sentinel,3173,2216,sindhuacc,13
Azure-Sentinel,https://github.com/Azure/Azure-Sentinel,3173,2216,9b,13
Azure-Sentinel,https://github.com/Azure/Azure-Sentinel,3173,2216,FathomlessFunction,13
Azure-Sentinel,https://github.com/Azure/Azure-Sentinel,3173,2216,DudiMi,13
Azure-Sentinel,https://github.com/Azure/Azure-Sentinel,3173,2216,javedahmadkhan,12
Azure-Sentinel,https://github.com/Azure/Azure-Sentinel,3173,2216,Lodewyk-Git,12
Azure-Sentinel,https://github.com/Azure/Azure-Sentinel,3173,2216,MeirLevinMicrosoft,12
Azure-Sentinel,https://github.com/Azure/Azure-Sentinel,3173,2216,fafadavi,12
Azure-Sentinel,https://github.com/Azure/Azure-Sentinel,3173,2216,jonyluke,12
Azure-Sentinel,https://github.com/Azure/Azure-Sentinel,3173,2216,kingwil,12
Azure-Sentinel,https://github.com/Azure/Azure-Sentinel,3173,2216,dvir-ms,12
Azure-Sentinel,https://github.com/Azure/Azure-Sentinel,3173,2216,udanashivm,12
Azure-Sentinel,https://github.com/Azure/Azure-Sentinel,3173,2216,jmuthuku,12
Azure-Sentinel,https://github.com/Azure/Azure-Sentinel,3173,2216,ajcollins0,11
Azure-Sentinel,https://github.com/Azure/Azure-Sentinel,3173,2216,aviyerMSFT,11
Azure-Sentinel,https://github.com/Azure/Azure-Sentinel,3173,2216,avital-m,11
Azure-Sentinel,https://github.com/Azure/Azure-Sentinel,3173,2216,duzlov,11
Azure-Sentinel,https://github.com/Azure/Azure-Sentinel,3173,2216,ms-sapangoel,11
Azure-Sentinel,https://github.com/Azure/Azure-Sentinel,3173,2216,tokesr,11
Azure-Sentinel,https://github.com/Azure/Azure-Sentinel,3173,2216,tvuylsteke,11
Azure-Sentinel,https://github.com/Azure/Azure-Sentinel,3173,2216,t-vaasaw,11
Azure-Sentinel,https://github.com/Azure/Azure-Sentinel,3173,2216,haim-na,11
Azure-Sentinel,https://github.com/Azure/Azure-Sentinel,3173,2216,yashwanth-metron,11
Azure-Sentinel,https://github.com/Azure/Azure-Sentinel,3173,2216,michaelNevinFP,11
Azure-Sentinel,https://github.com/Azure/Azure-Sentinel,3173,2216,teachjing,11
Azure-Sentinel,https://github.com/Azure/Azure-Sentinel,3173,2216,batamig,11
Azure-Sentinel,https://github.com/Azure/Azure-Sentinel,3173,2216,ThijsLecomte-TC,11
Azure-Sentinel,https://github.com/Azure/Azure-Sentinel,3173,2216,WayneJLee,11
Azure-Sentinel,https://github.com/Azure/Azure-Sentinel,3173,2216,skhademcis,11
Azure-Sentinel,https://github.com/Azure/Azure-Sentinel,3173,2216,chihebchebbi,10
Azure-Sentinel,https://github.com/Azure/Azure-Sentinel,3173,2216,mjmelone,10
Azure-Sentinel,https://github.com/Azure/Azure-Sentinel,3173,2216,oshvartz,10
Azure-Sentinel,https://github.com/Azure/Azure-Sentinel,3173,2216,Palciny,10
Azure-Sentinel,https://github.com/Azure/Azure-Sentinel,3173,2216,RaGerges,10
Azure-Sentinel,https://github.com/Azure/Azure-Sentinel,3173,2216,adirDev,10
Azure-Sentinel,https://github.com/Azure/Azure-Sentinel,3173,2216,theomsoc,10
Azure-Sentinel,https://github.com/Azure/Azure-Sentinel,3173,2216,udidekel,10
Azure-Sentinel,https://github.com/Azure/Azure-Sentinel,3173,2216,vaniMSTIC,10
Azure-Sentinel,https://github.com/Azure/Azure-Sentinel,3173,2216,mikedgibson,9
Azure-Sentinel,https://github.com/Azure/Azure-Sentinel,3173,2216,socprime,9
Azure-Sentinel,https://github.com/Azure/Azure-Sentinel,3173,2216,gregcoward,9
Azure-Sentinel,https://github.com/Azure/Azure-Sentinel,3173,2216,kobymymon,9
Azure-Sentinel,https://github.com/Azure/Azure-Sentinel,3173,2216,netta11,9
Azure-Sentinel,https://github.com/Azure/Azure-Sentinel,3173,2216,Nodstuff,9
Azure-Sentinel,https://github.com/Azure/Azure-Sentinel,3173,2216,Phrozyn,9
Azure-Sentinel,https://github.com/Azure/Azure-Sentinel,3173,2216,dosegal,9
Azure-Sentinel,https://github.com/Azure/Azure-Sentinel,3173,2216,roabadie-microsoft,9
Azure-Sentinel,https://github.com/Azure/Azure-Sentinel,3173,2216,zanecop,8
Azure-Sentinel,https://github.com/Azure/Azure-Sentinel,3173,2216,anigan,8
Azure-Sentinel,https://github.com/Azure/Azure-Sentinel,3173,2216,gaurava-delinea,8
Azure-Sentinel,https://github.com/Azure/Azure-Sentinel,3173,2216,ingin97,8
Azure-Sentinel,https://github.com/Azure/Azure-Sentinel,3173,2216,Mangusingh-te,8
Azure-Sentinel,https://github.com/Azure/Azure-Sentinel,3173,2216,RakeshPrasad21,8
Azure-Sentinel,https://github.com/Azure/Azure-Sentinel,3173,2216,rjaakke,8
Azure-Sentinel,https://github.com/Azure/Azure-Sentinel,3173,2216,RonenISRb,8
Azure-Sentinel,https://github.com/Azure/Azure-Sentinel,3173,2216,SaadatAbid-snx,8
Azure-Sentinel,https://github.com/Azure/Azure-Sentinel,3173,2216,spatelte,8
Azure-Sentinel,https://github.com/Azure/Azure-Sentinel,3173,2216,tduarte14,8
Azure-Sentinel,https://github.com/Azure/Azure-Sentinel,3173,2216,hkamel,8
Azure-Sentinel,https://github.com/Azure/Azure-Sentinel,3173,2216,pkhabazi,8
Azure-Sentinel,https://github.com/Azure/Azure-Sentinel,3173,2216,wisco24,8
Azure-Sentinel,https://github.com/Azure/Azure-Sentinel,3173,2216,fr4nco1s,8
Azure-Sentinel,https://github.com/Azure/Azure-Sentinel,3173,2216,allenmichael,7
Azure-Sentinel,https://github.com/Azure/Azure-Sentinel,3173,2216,BenMcGarry,7
Azure-Sentinel,https://github.com/Azure/Azure-Sentinel,3173,2216,brandonawise,7
Azure-Sentinel,https://github.com/Azure/Azure-Sentinel,3173,2216,Cameron-Dahr-sonrai,7
Azure-Sentinel,https://github.com/Azure/Azure-Sentinel,3173,2216,chboeh,7
Azure-Sentinel,https://github.com/Azure/Azure-Sentinel,3173,2216,chuqvr,7
Azure-Sentinel,https://github.com/Azure/Azure-Sentinel,3173,2216,CrisRomeo,7
Azure-Sentinel,https://github.com/Azure/Azure-Sentinel,3173,2216,KennethMLdk,7
Azure-Sentinel,https://github.com/Azure/Azure-Sentinel,3173,2216,Snausage0x45,7
Azure-Sentinel,https://github.com/Azure/Azure-Sentinel,3173,2216,dev-sec7,7
Azure-Sentinel,https://github.com/Azure/Azure-Sentinel,3173,2216,ecosystempo,7
Azure-Sentinel,https://github.com/Azure/Azure-Sentinel,3173,2216,mohitkusecurity,7
Azure-Sentinel,https://github.com/Azure/Azure-Sentinel,3173,2216,szabolevo,7
Azure-Sentinel,https://github.com/Azure/Azure-Sentinel,3173,2216,Sebmolendijk,7
Azure-Sentinel,https://github.com/Azure/Azure-Sentinel,3173,2216,bracherp,7
Azure-Sentinel,https://github.com/Azure/Azure-Sentinel,3173,2216,endisphotic,6
Azure-Sentinel,https://github.com/Azure/Azure-Sentinel,3173,2216,zcarsco,6
Azure-Sentinel,https://github.com/Azure/Azure-Sentinel,3173,2216,LautrecSec,6
Azure-Sentinel,https://github.com/Azure/Azure-Sentinel,3173,2216,udinagari,6
Azure-Sentinel,https://github.com/Azure/Azure-Sentinel,3173,2216,yaya2devops,6
Azure-Sentinel,https://github.com/Azure/Azure-Sentinel,3173,2216,yuvalfeldmanmicrosoft,6
Azure-Sentinel,https://github.com/Azure/Azure-Sentinel,3173,2216,diyadarsh,6
Azure-Sentinel,https://github.com/Azure/Azure-Sentinel,3173,2216,jomeczyk,6
Azure-Sentinel,https://github.com/Azure/Azure-Sentinel,3173,2216,pasilva-msft,6
Azure-Sentinel,https://github.com/Azure/Azure-Sentinel,3173,2216,pensivepaddle,6
Azure-Sentinel,https://github.com/Azure/Azure-Sentinel,3173,2216,rkchaitanya93,6
Azure-Sentinel,https://github.com/Azure/Azure-Sentinel,3173,2216,SamhithaTatipalli,6
Azure-Sentinel,https://github.com/Azure/Azure-Sentinel,3173,2216,kapetanios55,6
Azure-Sentinel,https://github.com/Azure/Azure-Sentinel,3173,2216,cabberley,5
Azure-Sentinel,https://github.com/Azure/Azure-Sentinel,3173,2216,GeneralFox,5
Azure-Sentinel,https://github.com/Azure/Azure-Sentinel,3173,2216,rod-trent,5
Azure-Sentinel,https://github.com/Azure/Azure-Sentinel,3173,2216,robeving,5
Azure-Sentinel,https://github.com/Azure/Azure-Sentinel,3173,2216,scottymcraig,5
Azure-Sentinel,https://github.com/Azure/Azure-Sentinel,3173,2216,ko-sharon,5
Azure-Sentinel,https://github.com/Azure/Azure-Sentinel,3173,2216,stephanwaelde,5
Azure-Sentinel,https://github.com/Azure/Azure-Sentinel,3173,2216,IISlapDashII,5
Azure-Sentinel,https://github.com/Azure/Azure-Sentinel,3173,2216,TreMansdoerfer-Microsoft,5
Azure-Sentinel,https://github.com/Azure/Azure-Sentinel,3173,2216,YoavDaniely,5
Azure-Sentinel,https://github.com/Azure/Azure-Sentinel,3173,2216,brandonwise,5
Azure-Sentinel,https://github.com/Azure/Azure-Sentinel,3173,2216,moranraz,5
Azure-Sentinel,https://github.com/Azure/Azure-Sentinel,3173,2216,treyperrone,5
Azure-Sentinel,https://github.com/Azure/Azure-Sentinel,3173,2216,AlexDeMichieli,4
Azure-Sentinel,https://github.com/Azure/Azure-Sentinel,3173,2216,secops-and-hops,4
Azure-Sentinel,https://github.com/Azure/Azure-Sentinel,3173,2216,benmeadowcroft,4
Azure-Sentinel,https://github.com/Azure/Azure-Sentinel,3173,2216,ms-bnick,4
Azure-Sentinel,https://github.com/Azure/Azure-Sentinel,3173,2216,felickz,4
Azure-Sentinel,https://github.com/Azure/Azure-Sentinel,3173,2216,Justfyn,4
Azure-Sentinel,https://github.com/Azure/Azure-Sentinel,3173,2216,mcpjanmarek,4
Azure-Sentinel,https://github.com/Azure/Azure-Sentinel,3173,2216,joelst,4
Azure-Sentinel,https://github.com/Azure/Azure-Sentinel,3173,2216,Kyle-Yuasa,4
Azure-Sentinel,https://github.com/Azure/Azure-Sentinel,3173,2216,hazcod,4
Azure-Sentinel,https://github.com/Azure/Azure-Sentinel,3173,2216,Sridhar-MS,4
Azure-Sentinel,https://github.com/Azure/Azure-Sentinel,3173,2216,TomerAligaev,4
Azure-Sentinel,https://github.com/Azure/Azure-Sentinel,3173,2216,zhangtong111,4
Azure-Sentinel,https://github.com/Azure/Azure-Sentinel,3173,2216,ZLT-ops,4
Azure-Sentinel,https://github.com/Azure/Azure-Sentinel,3173,2216,dreamcrasher,4
Azure-Sentinel,https://github.com/Azure/Azure-Sentinel,3173,2216,aadelnabil,4
Azure-Sentinel,https://github.com/Azure/Azure-Sentinel,3173,2216,dharmaAccenture,4
Azure-Sentinel,https://github.com/Azure/Azure-Sentinel,3173,2216,ericlanteigne-semperis,4
Azure-Sentinel,https://github.com/Azure/Azure-Sentinel,3173,2216,gilior,4
Azure-Sentinel,https://github.com/Azure/Azure-Sentinel,3173,2216,gumalul,4
Azure-Sentinel,https://github.com/Azure/Azure-Sentinel,3173,2216,ivanovchinnikov,4
Azure-Sentinel,https://github.com/Azure/Azure-Sentinel,3173,2216,srisang,4
Azure-Sentinel,https://github.com/Azure/Azure-Sentinel,3173,2216,alonlavian,3
Azure-Sentinel,https://github.com/Azure/Azure-Sentinel,3173,2216,AndyNikolaev,3
Azure-Sentinel,https://github.com/Azure/Azure-Sentinel,3173,2216,ankita-sharma2019,3
Azure-Sentinel,https://github.com/Azure/Azure-Sentinel,3173,2216,Bert-JanP,3
Azure-Sentinel,https://github.com/Azure/Azure-Sentinel,3173,2216,CyberSekure,3
Azure-Sentinel,https://github.com/Azure/Azure-Sentinel,3173,2216,Cyberlorians,3
Azure-Sentinel,https://github.com/Azure/Azure-Sentinel,3173,2216,DonFu99,3
Azure-Sentinel,https://github.com/Azure/Azure-Sentinel,3173,2216,Dope-Lemon,3
Azure-Sentinel,https://github.com/Azure/Azure-Sentinel,3173,2216,harelhadar,3
Azure-Sentinel,https://github.com/Azure/Azure-Sentinel,3173,2216,igalshapira,3
Azure-Sentinel,https://github.com/Azure/Azure-Sentinel,3173,2216,Official-James,3
Azure-Sentinel,https://github.com/Azure/Azure-Sentinel,3173,2216,x3nc0n,3
Azure-Sentinel,https://github.com/Azure/Azure-Sentinel,3173,2216,kapil-metron,3
Azure-Sentinel,https://github.com/Azure/Azure-Sentinel,3173,2216,kesheldr,3
Hands-on-Machine-Learning-for-Cyber-Security,https://github.com/PacktPublishing/Hands-on-Machine-Learning-for-Cyber-Security,138,93,sagarsawant69,8
Hands-on-Machine-Learning-for-Cyber-Security,https://github.com/PacktPublishing/Hands-on-Machine-Learning-for-Cyber-Security,138,93,Packt-ITService,6
Hands-on-Machine-Learning-for-Cyber-Security,https://github.com/PacktPublishing/Hands-on-Machine-Learning-for-Cyber-Security,138,93,packtutkarshr,2
Hands-on-Machine-Learning-for-Cyber-Security,https://github.com/PacktPublishing/Hands-on-Machine-Learning-for-Cyber-Security,138,93,deepesh-packt,1
Hands-on-Machine-Learning-for-Cyber-Security,https://github.com/PacktPublishing/Hands-on-Machine-Learning-for-Cyber-Security,138,93,shalder,1
Free_CyberSecurity_Professional_Development_Resources,https://github.com/gerryguy311/Free_CyberSecurity_Professional_Development_Resources,1417,236,gerryguy311,262
Free_CyberSecurity_Professional_Development_Resources,https://github.com/gerryguy311/Free_CyberSecurity_Professional_Development_Resources,1417,236,apurvsinghgautam,24
Free_CyberSecurity_Professional_Development_Resources,https://github.com/gerryguy311/Free_CyberSecurity_Professional_Development_Resources,1417,236,ehny,9
Free_CyberSecurity_Professional_Development_Resources,https://github.com/gerryguy311/Free_CyberSecurity_Professional_Development_Resources,1417,236,mvandewouw,7
Free_CyberSecurity_Professional_Development_Resources,https://github.com/gerryguy311/Free_CyberSecurity_Professional_Development_Resources,1417,236,agnivesh,1
Free_CyberSecurity_Professional_Development_Resources,https://github.com/gerryguy311/Free_CyberSecurity_Professional_Development_Resources,1417,236,ApurvT,1
Free_CyberSecurity_Professional_Development_Resources,https://github.com/gerryguy311/Free_CyberSecurity_Professional_Development_Resources,1417,236,BrendanChambersBourgeois,1
Free_CyberSecurity_Professional_Development_Resources,https://github.com/gerryguy311/Free_CyberSecurity_Professional_Development_Resources,1417,236,RobGoelz,1
Free_CyberSecurity_Professional_Development_Resources,https://github.com/gerryguy311/Free_CyberSecurity_Professional_Development_Resources,1417,236,aryan-anand,1
Free_CyberSecurity_Professional_Development_Resources,https://github.com/gerryguy311/Free_CyberSecurity_Professional_Development_Resources,1417,236,carlmon,1
Free_CyberSecurity_Professional_Development_Resources,https://github.com/gerryguy311/Free_CyberSecurity_Professional_Development_Resources,1417,236,mcclanahan,1
Free_CyberSecurity_Professional_Development_Resources,https://github.com/gerryguy311/Free_CyberSecurity_Professional_Development_Resources,1417,236,oaklander,1
Notes,https://github.com/0xd4y/Notes,77,23,0xd4y,47
Watcher,https://github.com/thalesgroup-cert/Watcher,695,110,Felix83000,169
Watcher,https://github.com/thalesgroup-cert/Watcher,695,110,dependabot[bot],23
Watcher,https://github.com/thalesgroup-cert/Watcher,695,110,eciavatta,1
Watcher,https://github.com/thalesgroup-cert/Watcher,695,110,RomainPisters,1
Unified-Cybersecurity-Ontology,https://github.com/Ebiquity/Unified-Cybersecurity-Ontology,72,30,finin,17
Unified-Cybersecurity-Ontology,https://github.com/Ebiquity/Unified-Cybersecurity-Ontology,72,30,zareensyed,4
Unified-Cybersecurity-Ontology,https://github.com/Ebiquity/Unified-Cybersecurity-Ontology,72,30,ankur-n,1
rawsec-cybersecurity-inventory,https://github.com/noraj/rawsec-cybersecurity-inventory,183,45,noraj,1086
rawsec-cybersecurity-inventory,https://github.com/noraj/rawsec-cybersecurity-inventory,183,45,renovate-bot,19
rawsec-cybersecurity-inventory,https://github.com/noraj/rawsec-cybersecurity-inventory,183,45,mxrch,10
rawsec-cybersecurity-inventory,https://github.com/noraj/rawsec-cybersecurity-inventory,183,45,ajeurkar,6
rawsec-cybersecurity-inventory,https://github.com/noraj/rawsec-cybersecurity-inventory,183,45,postmodern,6
rawsec-cybersecurity-inventory,https://github.com/noraj/rawsec-cybersecurity-inventory,183,45,RohanKaran,6
rawsec-cybersecurity-inventory,https://github.com/noraj/rawsec-cybersecurity-inventory,183,45,hristiy4n,5
rawsec-cybersecurity-inventory,https://github.com/noraj/rawsec-cybersecurity-inventory,183,45,CinnamonXI,5
rawsec-cybersecurity-inventory,https://github.com/noraj/rawsec-cybersecurity-inventory,183,45,0xDEADB105,3
rawsec-cybersecurity-inventory,https://github.com/noraj/rawsec-cybersecurity-inventory,183,45,tuxfobux,3
rawsec-cybersecurity-inventory,https://github.com/noraj/rawsec-cybersecurity-inventory,183,45,secnum,2
rawsec-cybersecurity-inventory,https://github.com/noraj/rawsec-cybersecurity-inventory,183,45,ASHWIN990,2
rawsec-cybersecurity-inventory,https://github.com/noraj/rawsec-cybersecurity-inventory,183,45,bkimminich,2
rawsec-cybersecurity-inventory,https://github.com/noraj/rawsec-cybersecurity-inventory,183,45,wuhan005,2
rawsec-cybersecurity-inventory,https://github.com/noraj/rawsec-cybersecurity-inventory,183,45,Felix83000,2
rawsec-cybersecurity-inventory,https://github.com/noraj/rawsec-cybersecurity-inventory,183,45,jikuja,2
rawsec-cybersecurity-inventory,https://github.com/noraj/rawsec-cybersecurity-inventory,183,45,ethicalhack3r,2
rawsec-cybersecurity-inventory,https://github.com/noraj/rawsec-cybersecurity-inventory,183,45,AlexanderLarios,1
rawsec-cybersecurity-inventory,https://github.com/noraj/rawsec-cybersecurity-inventory,183,45,frenata,1
rawsec-cybersecurity-inventory,https://github.com/noraj/rawsec-cybersecurity-inventory,183,45,b5i,1
rawsec-cybersecurity-inventory,https://github.com/noraj/rawsec-cybersecurity-inventory,183,45,ArkadiyVoronov,1
rawsec-cybersecurity-inventory,https://github.com/noraj/rawsec-cybersecurity-inventory,183,45,Chill3d,1
rawsec-cybersecurity-inventory,https://github.com/noraj/rawsec-cybersecurity-inventory,183,45,WulfPlasma,1
rawsec-cybersecurity-inventory,https://github.com/noraj/rawsec-cybersecurity-inventory,183,45,Jfox32199,1
rawsec-cybersecurity-inventory,https://github.com/noraj/rawsec-cybersecurity-inventory,183,45,cosmolev,1
rawsec-cybersecurity-inventory,https://github.com/noraj/rawsec-cybersecurity-inventory,183,45,neeraj-nb,1
rawsec-cybersecurity-inventory,https://github.com/noraj/rawsec-cybersecurity-inventory,183,45,santiagolizardo,1
rawsec-cybersecurity-inventory,https://github.com/noraj/rawsec-cybersecurity-inventory,183,45,sudiptog81,1
rawsec-cybersecurity-inventory,https://github.com/noraj/rawsec-cybersecurity-inventory,183,45,BelenCebrian,1
rawsec-cybersecurity-inventory,https://github.com/noraj/rawsec-cybersecurity-inventory,183,45,jenaye,1
rawsec-cybersecurity-inventory,https://github.com/noraj/rawsec-cybersecurity-inventory,183,45,jpdias,1
rawsec-cybersecurity-inventory,https://github.com/noraj/rawsec-cybersecurity-inventory,183,45,skarthikeyan96,1
rawsec-cybersecurity-inventory,https://github.com/noraj/rawsec-cybersecurity-inventory,183,45,NSEcho,1
rawsec-cybersecurity-inventory,https://github.com/noraj/rawsec-cybersecurity-inventory,183,45,surround3,1
cyber-ops-with-bash,https://github.com/cybersecurityops/cyber-ops-with-bash,116,73,cybersecurityops,2
robot_hacking_manual,https://github.com/vmayoral/robot_hacking_manual,239,36,vmayoral,165
robot_hacking_manual,https://github.com/vmayoral/robot_hacking_manual,239,36,929937690,1
Hands-On-Artificial-Intelligence-for-Cybersecurity,https://github.com/PacktPublishing/Hands-On-Artificial-Intelligence-for-Cybersecurity,87,73,Packt-ITService,7
Hands-On-Artificial-Intelligence-for-Cybersecurity,https://github.com/PacktPublishing/Hands-On-Artificial-Intelligence-for-Cybersecurity,87,73,ManikandanKurup-Packt,4
Hands-On-Artificial-Intelligence-for-Cybersecurity,https://github.com/PacktPublishing/Hands-On-Artificial-Intelligence-for-Cybersecurity,87,73,packtutkarshr,2
Hands-On-Artificial-Intelligence-for-Cybersecurity,https://github.com/PacktPublishing/Hands-On-Artificial-Intelligence-for-Cybersecurity,87,73,saurabhk710,1
awesome-cybersecurity-blueteam-cn,https://github.com/satan1a/awesome-cybersecurity-blueteam-cn,517,89,satan1a,40
WhiteHat,https://github.com/urcuqui/WhiteHat,81,39,urcuqui,335
edu-resources,https://github.com/CSIRT-MU/edu-resources,137,30,svabensky,15
elixir-secure-coding,https://github.com/podium/elixir-secure-coding,463,90,stilwellc,4
elixir-secure-coding,https://github.com/podium/elixir-secure-coding,463,90,houllette,4
elixir-secure-coding,https://github.com/podium/elixir-secure-coding,463,90,kgautreaux,2
elixir-secure-coding,https://github.com/podium/elixir-secure-coding,463,90,kianmeng,2
elixir-secure-coding,https://github.com/podium/elixir-secure-coding,463,90,adamzapasnik,1
elixir-secure-coding,https://github.com/podium/elixir-secure-coding,463,90,shahryarjb,1
elixir-secure-coding,https://github.com/podium/elixir-secure-coding,463,90,hvalkerie19,1
Data-Mining-for-Cybersecurity,https://github.com/scusec/Data-Mining-for-Cybersecurity,62,24,dodoandbling,78
Data-Mining-for-Cybersecurity,https://github.com/scusec/Data-Mining-for-Cybersecurity,62,24,leyoghurt,70
Data-Mining-for-Cybersecurity,https://github.com/scusec/Data-Mining-for-Cybersecurity,62,24,derekzhy,34
Data-Mining-for-Cybersecurity,https://github.com/scusec/Data-Mining-for-Cybersecurity,62,24,BirdSAMA,27
Data-Mining-for-Cybersecurity,https://github.com/scusec/Data-Mining-for-Cybersecurity,62,24,cendeavor,26
Data-Mining-for-Cybersecurity,https://github.com/scusec/Data-Mining-for-Cybersecurity,62,24,Youyio,26
Data-Mining-for-Cybersecurity,https://github.com/scusec/Data-Mining-for-Cybersecurity,62,24,Cjxg0dess,22
Data-Mining-for-Cybersecurity,https://github.com/scusec/Data-Mining-for-Cybersecurity,62,24,aidenwang9867,19
Data-Mining-for-Cybersecurity,https://github.com/scusec/Data-Mining-for-Cybersecurity,62,24,ourren,19
Data-Mining-for-Cybersecurity,https://github.com/scusec/Data-Mining-for-Cybersecurity,62,24,IzaiahSun,16
Data-Mining-for-Cybersecurity,https://github.com/scusec/Data-Mining-for-Cybersecurity,62,24,mmosaics,16
Data-Mining-for-Cybersecurity,https://github.com/scusec/Data-Mining-for-Cybersecurity,62,24,DangerousSONG,10
Data-Mining-for-Cybersecurity,https://github.com/scusec/Data-Mining-for-Cybersecurity,62,24,gitergreat,4
Data-Mining-for-Cybersecurity,https://github.com/scusec/Data-Mining-for-Cybersecurity,62,24,Derrick-Wan,3
cybersecurity-bootcamp-shapeai,https://github.com/harshakshit/cybersecurity-bootcamp-shapeai,79,185,harshakshit,11
cybersecurity-bootcamp-shapeai,https://github.com/harshakshit/cybersecurity-bootcamp-shapeai,79,185,adith-p,2
security-study-plan,https://github.com/jassics/security-study-plan,3097,344,jassics,7
security-study-plan,https://github.com/jassics/security-study-plan,3097,344,manumagalhaes,2
security-study-plan,https://github.com/jassics/security-study-plan,3097,344,mr-rizwan-syed,2
security-study-plan,https://github.com/jassics/security-study-plan,3097,344,TRUBDUBZ,1
awesome-youtubers,https://github.com/JoseDeFreitas/awesome-youtubers,4013,304,JoseDeFreitas,464
awesome-youtubers,https://github.com/JoseDeFreitas/awesome-youtubers,4013,304,akaashsinha,15
awesome-youtubers,https://github.com/JoseDeFreitas/awesome-youtubers,4013,304,vishwa-21,9
awesome-youtubers,https://github.com/JoseDeFreitas/awesome-youtubers,4013,304,UdbhavU,7
awesome-youtubers,https://github.com/JoseDeFreitas/awesome-youtubers,4013,304,badushaebrahim,7
awesome-youtubers,https://github.com/JoseDeFreitas/awesome-youtubers,4013,304,catcecilia,7
awesome-youtubers,https://github.com/JoseDeFreitas/awesome-youtubers,4013,304,vinceumo,7
awesome-youtubers,https://github.com/JoseDeFreitas/awesome-youtubers,4013,304,naklic0der,7
awesome-youtubers,https://github.com/JoseDeFreitas/awesome-youtubers,4013,304,daniiltrpv,6
awesome-youtubers,https://github.com/JoseDeFreitas/awesome-youtubers,4013,304,Dibakarroy1997,6
awesome-youtubers,https://github.com/JoseDeFreitas/awesome-youtubers,4013,304,SPeeSimon,5
awesome-youtubers,https://github.com/JoseDeFreitas/awesome-youtubers,4013,304,xtrp,5
awesome-youtubers,https://github.com/JoseDeFreitas/awesome-youtubers,4013,304,rcarubbi,4
awesome-youtubers,https://github.com/JoseDeFreitas/awesome-youtubers,4013,304,alexandander,4
awesome-youtubers,https://github.com/JoseDeFreitas/awesome-youtubers,4013,304,ifdiego,3
awesome-youtubers,https://github.com/JoseDeFreitas/awesome-youtubers,4013,304,FOSS-Love,3
awesome-youtubers,https://github.com/JoseDeFreitas/awesome-youtubers,4013,304,himanshu64,3
awesome-youtubers,https://github.com/JoseDeFreitas/awesome-youtubers,4013,304,hougesen,3
awesome-youtubers,https://github.com/JoseDeFreitas/awesome-youtubers,4013,304,actualmermaid,3
awesome-youtubers,https://github.com/JoseDeFreitas/awesome-youtubers,4013,304,NEEHITGOYAL,3
awesome-youtubers,https://github.com/JoseDeFreitas/awesome-youtubers,4013,304,Aryan3212,2
awesome-youtubers,https://github.com/JoseDeFreitas/awesome-youtubers,4013,304,FlorentPoinsaut,2
awesome-youtubers,https://github.com/JoseDeFreitas/awesome-youtubers,4013,304,MartinSeeler,2
awesome-youtubers,https://github.com/JoseDeFreitas/awesome-youtubers,4013,304,mattjperez,2
awesome-youtubers,https://github.com/JoseDeFreitas/awesome-youtubers,4013,304,Elfocrash,2
awesome-youtubers,https://github.com/JoseDeFreitas/awesome-youtubers,4013,304,hallvaaw,2
awesome-youtubers,https://github.com/JoseDeFreitas/awesome-youtubers,4013,304,saribricka,2
awesome-youtubers,https://github.com/JoseDeFreitas/awesome-youtubers,4013,304,alexgutjahr,1
awesome-youtubers,https://github.com/JoseDeFreitas/awesome-youtubers,4013,304,anirbanpranto,1
awesome-youtubers,https://github.com/JoseDeFreitas/awesome-youtubers,4013,304,arnavjindal,1
awesome-youtubers,https://github.com/JoseDeFreitas/awesome-youtubers,4013,304,BayanBennett,1
awesome-youtubers,https://github.com/JoseDeFreitas/awesome-youtubers,4013,304,diegoasanch,1
awesome-youtubers,https://github.com/JoseDeFreitas/awesome-youtubers,4013,304,ebenezerdon,1
awesome-youtubers,https://github.com/JoseDeFreitas/awesome-youtubers,4013,304,ajaj895,1
awesome-youtubers,https://github.com/JoseDeFreitas/awesome-youtubers,4013,304,henry-burgess,1
awesome-youtubers,https://github.com/JoseDeFreitas/awesome-youtubers,4013,304,jgysland,1
awesome-youtubers,https://github.com/JoseDeFreitas/awesome-youtubers,4013,304,jonaharagon,1
awesome-youtubers,https://github.com/JoseDeFreitas/awesome-youtubers,4013,304,keshavgbpecdelhi,1
awesome-youtubers,https://github.com/JoseDeFreitas/awesome-youtubers,4013,304,tuda-suda,1
awesome-youtubers,https://github.com/JoseDeFreitas/awesome-youtubers,4013,304,MarcusOtter,1
awesome-youtubers,https://github.com/JoseDeFreitas/awesome-youtubers,4013,304,sudomaze,1
awesome-youtubers,https://github.com/JoseDeFreitas/awesome-youtubers,4013,304,memoriasIT,1
awesome-youtubers,https://github.com/JoseDeFreitas/awesome-youtubers,4013,304,ShaunMWallace,1
awesome-youtubers,https://github.com/JoseDeFreitas/awesome-youtubers,4013,304,zakarialaoui10,1
awesome-youtubers,https://github.com/JoseDeFreitas/awesome-youtubers,4013,304,kens-visuals,1
awesome-youtubers,https://github.com/JoseDeFreitas/awesome-youtubers,4013,304,tiago-nogueira,1
awesome-youtubers,https://github.com/JoseDeFreitas/awesome-youtubers,4013,304,wernerkrauss,1
CyberSecurity,https://github.com/Berkanktk/CyberSecurity,381,19,Berkanktk,301
Cybersecurity-Roadmap,https://github.com/0xTRAW/Cybersecurity-Roadmap,458,44,0xTRAW,20
python-for-cybersecurity,https://github.com/hposton/python-for-cybersecurity,138,102,hposton,11
python-for-cybersecurity,https://github.com/hposton/python-for-cybersecurity,138,102,InvaderKrim,2
empirectf,https://github.com/EmpireCTF/empirectf,125,23,Aurel300,88
empirectf,https://github.com/EmpireCTF/empirectf,125,23,PK398,6
Awesome-Cybersecurity-Handbooks,https://github.com/0xsyr0/Awesome-Cybersecurity-Handbooks,456,61,0xsyr0,346
CyberSecurity,https://github.com/kabir0x23/CyberSecurity,154,21,kabir0x23,119
cybersecurity-handbook,https://github.com/guidesmiths/cybersecurity-handbook,103,14,UlisesGascon,209
cybersecurity-handbook,https://github.com/guidesmiths/cybersecurity-handbook,103,14,gtoconsulting,15
cybersecurity-handbook,https://github.com/guidesmiths/cybersecurity-handbook,103,14,reymon359,6
cybersecurity-handbook,https://github.com/guidesmiths/cybersecurity-handbook,103,14,aabedraba,1
cybersecurity-handbook,https://github.com/guidesmiths/cybersecurity-handbook,103,14,CrisKrus,1
cybersecurity-resources,https://github.com/alex-bellon/cybersecurity-resources,109,24,alex-bellon,82
www-project-web-security-testing-guide,https://github.com/OWASP/www-project-web-security-testing-guide,295,132,wstgbot,259
www-project-web-security-testing-guide,https://github.com/OWASP/www-project-web-security-testing-guide,295,132,kingthorin,70
www-project-web-security-testing-guide,https://github.com/OWASP/www-project-web-security-testing-guide,295,132,ThunderSon,51
www-project-web-security-testing-guide,https://github.com/OWASP/www-project-web-security-testing-guide,295,132,OWASPFoundation,16
www-project-web-security-testing-guide,https://github.com/OWASP/www-project-web-security-testing-guide,295,132,victoriadrake,6
www-project-web-security-testing-guide,https://github.com/OWASP/www-project-web-security-testing-guide,295,132,hblankenship,5
www-project-web-security-testing-guide,https://github.com/OWASP/www-project-web-security-testing-guide,295,132,cnotin,1
www-project-web-security-testing-guide,https://github.com/OWASP/www-project-web-security-testing-guide,295,132,eoftedal,1
www-project-web-security-testing-guide,https://github.com/OWASP/www-project-web-security-testing-guide,295,132,mrjonstrong,1
Trending-Research-Topics,https://github.com/scusec/Trending-Research-Topics,18,31,WhileBug,65
Trending-Research-Topics,https://github.com/scusec/Trending-Research-Topics,18,31,Superrrtan,60
Trending-Research-Topics,https://github.com/scusec/Trending-Research-Topics,18,31,IzaiahSun,43
Trending-Research-Topics,https://github.com/scusec/Trending-Research-Topics,18,31,RershallzzZ,26
Trending-Research-Topics,https://github.com/scusec/Trending-Research-Topics,18,31,ourren,5
Trending-Research-Topics,https://github.com/scusec/Trending-Research-Topics,18,31,nana1899,4
Trending-Research-Topics,https://github.com/scusec/Trending-Research-Topics,18,31,SCUJP,2
Trending-Research-Topics,https://github.com/scusec/Trending-Research-Topics,18,31,caoymg,2
Trending-Research-Topics,https://github.com/scusec/Trending-Research-Topics,18,31,xubobobo,1
nsacyber.github.io,https://github.com/nsacyber/nsacyber.github.io,234,60,iadgovuser1,52
nsacyber.github.io,https://github.com/nsacyber/nsacyber.github.io,234,60,iadgovadmin,1
security-resources,https://github.com/JohnHammond/security-resources,336,53,JohnHammond,14
security-resources,https://github.com/JohnHammond/security-resources,336,53,MEhrn00,6
security-resources,https://github.com/JohnHammond/security-resources,336,53,Enzuz-s,3
security-resources,https://github.com/JohnHammond/security-resources,336,53,0z09e,1
security-resources,https://github.com/JohnHammond/security-resources,336,53,ahanel13,1
security-resources,https://github.com/JohnHammond/security-resources,336,53,DustyJinx,1
security-resources,https://github.com/JohnHammond/security-resources,336,53,Es7evam,1
security-resources,https://github.com/JohnHammond/security-resources,336,53,brootware,1
prescup-challenges,https://github.com/cisagov/prescup-challenges,74,21,sei-mkaar,10
prescup-challenges,https://github.com/cisagov/prescup-challenges,74,21,hcm004,5
prescup-challenges,https://github.com/cisagov/prescup-challenges,74,21,sei-jbooz,3
attack-vectors-suite,https://github.com/SANTHOSH17-DOT/attack-vectors-suite,23,35,SANTHOSH17-DOT,21
attack-vectors-suite,https://github.com/SANTHOSH17-DOT/attack-vectors-suite,23,35,Bharadwajshivam28,5
attack-vectors-suite,https://github.com/SANTHOSH17-DOT/attack-vectors-suite,23,35,White-rose69,4
attack-vectors-suite,https://github.com/SANTHOSH17-DOT/attack-vectors-suite,23,35,minicb0,4
attack-vectors-suite,https://github.com/SANTHOSH17-DOT/attack-vectors-suite,23,35,siiddhantt,4
attack-vectors-suite,https://github.com/SANTHOSH17-DOT/attack-vectors-suite,23,35,deadex-ng,2
attack-vectors-suite,https://github.com/SANTHOSH17-DOT/attack-vectors-suite,23,35,SukarayamJanjua,2
attack-vectors-suite,https://github.com/SANTHOSH17-DOT/attack-vectors-suite,23,35,GitWiz01,1
attack-vectors-suite,https://github.com/SANTHOSH17-DOT/attack-vectors-suite,23,35,BabyElias,1
attack-vectors-suite,https://github.com/SANTHOSH17-DOT/attack-vectors-suite,23,35,khushimarothi,1
attack-vectors-suite,https://github.com/SANTHOSH17-DOT/attack-vectors-suite,23,35,Suryansh1720001,1
awesome-rl-for-cybersecurity,https://github.com/Limmen/awesome-rl-for-cybersecurity,352,43,Limmen,206
awesome-rl-for-cybersecurity,https://github.com/Limmen/awesome-rl-for-cybersecurity,352,43,br0kej,5
awesome-rl-for-cybersecurity,https://github.com/Limmen/awesome-rl-for-cybersecurity,352,43,drasha,2
awesome-rl-for-cybersecurity,https://github.com/Limmen/awesome-rl-for-cybersecurity,352,43,FMZennaro,2
awesome-rl-for-cybersecurity,https://github.com/Limmen/awesome-rl-for-cybersecurity,352,43,manuel-delverme,1
awesome-rl-for-cybersecurity,https://github.com/Limmen/awesome-rl-for-cybersecurity,352,43,Tudyx,1
awesome-rl-for-cybersecurity,https://github.com/Limmen/awesome-rl-for-cybersecurity,352,43,mavroudisv,1
Awesome-ML-Cybersecurity,https://github.com/opensci-hub/Awesome-ML-Cybersecurity,42,15,bingdyee,44
cybersecurity,https://github.com/dmalan/cybersecurity,65,23,dmalan,2
virtualseccons,https://github.com/santosomar/virtualseccons,111,17,santosomar,118
virtualseccons,https://github.com/santosomar/virtualseccons,111,17,haakoo,1
virtualseccons,https://github.com/santosomar/virtualseccons,111,17,rkiyanchuk,1
virtualseccons,https://github.com/santosomar/virtualseccons,111,17,rykkard,1
virtualseccons,https://github.com/santosomar/virtualseccons,111,17,summonslarge,1
cytrone,https://github.com/crond-jaist/cytrone,74,14,crond-jaist,50
awesome-cybersecurity,https://github.com/Annsec/awesome-cybersecurity,129,24,gurre,11
Cybersecurity-Notes,https://github.com/Twigonometry/Cybersecurity-Notes,54,22,Twigonometry,130
kc7,https://github.com/kkneomis/kc7,131,13,kkneomis,178
kc7,https://github.com/kkneomis/kc7,131,13,gregs1998,53
kc7,https://github.com/kkneomis/kc7,131,13,endisphotic,8
kc7,https://github.com/kkneomis/kc7,131,13,SSEZehra,4
kc7,https://github.com/kkneomis/kc7,131,13,evertonberz,1
kc7,https://github.com/kkneomis/kc7,131,13,dreadphones,1
kc7,https://github.com/kkneomis/kc7,131,13,matthew-g-kennedy,1
PoC-Bank,https://github.com/lofiCafe/PoC-Bank,85,26,3lackrush,32
cybersecurity,https://github.com/bin3xish477/cybersecurity,57,21,bin3xish477,850
IBM_Cybersecurity_Analyst_Professional_Certificate,https://github.com/simplykeerthana/IBM_Cybersecurity_Analyst_Professional_Certificate,21,17,simplykeerthana,14
gsvsoc_cybersecurity-incident-response-plan,https://github.com/guardsight/gsvsoc_cybersecurity-incident-response-plan,58,11,pivelpin,50
gsvsoc_cybersecurity-incident-response-plan,https://github.com/guardsight/gsvsoc_cybersecurity-incident-response-plan,58,11,lwyness,3
CYBERSECURITY,https://github.com/Amstelland-Software-Development/CYBERSECURITY,0,101,MeesterDaaf,1
ICS_PCAPS,https://github.com/tjcruz-dei/ICS_PCAPS,36,14,tjcruz-dei,58
Getting-into-InfoSec-and-Cybersecurity,https://github.com/GoVanguard/Getting-into-InfoSec-and-Cybersecurity,485,56,Khan747,28
Getting-into-InfoSec-and-Cybersecurity,https://github.com/GoVanguard/Getting-into-InfoSec-and-Cybersecurity,485,56,christiancscott,7
Getting-into-InfoSec-and-Cybersecurity,https://github.com/GoVanguard/Getting-into-InfoSec-and-Cybersecurity,485,56,CyberSurgeon1,1
Getting-into-InfoSec-and-Cybersecurity,https://github.com/GoVanguard/Getting-into-InfoSec-and-Cybersecurity,485,56,Lou-T,1
Getting-into-InfoSec-and-Cybersecurity,https://github.com/GoVanguard/Getting-into-InfoSec-and-Cybersecurity,485,56,sscottgvit,1
Getting-into-InfoSec-and-Cybersecurity,https://github.com/GoVanguard/Getting-into-InfoSec-and-Cybersecurity,485,56,Tdeforge,1
StudentResources,https://github.com/TheHairyJ/StudentResources,36,15,TheHairyJ,16
StudentResources,https://github.com/TheHairyJ/StudentResources,36,15,HananHindy,1
StudentResources,https://github.com/TheHairyJ/StudentResources,36,15,0xmachos,1
StudentResources,https://github.com/TheHairyJ/StudentResources,36,15,SCOTTLB,1
ismek-cybersecurity1-lessons,https://github.com/sdrttnclskn/ismek-cybersecurity1-lessons,37,23,ulaskaratas,15
ismek-cybersecurity1-lessons,https://github.com/sdrttnclskn/ismek-cybersecurity1-lessons,37,23,sdrttnclskn,14
ismek-cybersecurity1-lessons,https://github.com/sdrttnclskn/ismek-cybersecurity1-lessons,37,23,sefilteknik,1
ismek-cybersecurity1-lessons,https://github.com/sdrttnclskn/ismek-cybersecurity1-lessons,37,23,siyarsimsek,1
Cybersecurity-Indonesia,https://github.com/screetsec/Cybersecurity-Indonesia,129,26,screetsec,17
FireKylin,https://github.com/MountCloud/FireKylin,585,114,MountCloud,28
NIST-to-Tech,https://github.com/mikeprivette/NIST-to-Tech,64,11,mikeprivette,40
athena-iso,https://github.com/Athena-OS/athena-iso,462,44,D3vil0p3r,314
athena-iso,https://github.com/Athena-OS/athena-iso,462,44,expandpi,6
cybersecurity-interview-guide,https://github.com/tayontech/cybersecurity-interview-guide,92,10,tayontech,23
cybersecurity-interview-guide,https://github.com/tayontech/cybersecurity-interview-guide,92,10,zendannyy,1
Cybersecurity_Resources,https://github.com/Shivaminc/Cybersecurity_Resources,18,33,Shivaminc,80
Cybersecurity_Resources,https://github.com/Shivaminc/Cybersecurity_Resources,18,33,ShubhamJagtap2000,4
Cybersecurity_Resources,https://github.com/Shivaminc/Cybersecurity_Resources,18,33,karanS08,4
Cybersecurity_Resources,https://github.com/Shivaminc/Cybersecurity_Resources,18,33,RTHKKona,3
Cybersecurity_Resources,https://github.com/Shivaminc/Cybersecurity_Resources,18,33,LUFA199x,3
Cybersecurity_Resources,https://github.com/Shivaminc/Cybersecurity_Resources,18,33,SankalpaBaral,3
Cybersecurity_Resources,https://github.com/Shivaminc/Cybersecurity_Resources,18,33,Shahil2002,3
Cybersecurity_Resources,https://github.com/Shivaminc/Cybersecurity_Resources,18,33,kingcoolvikas,3
Cybersecurity_Resources,https://github.com/Shivaminc/Cybersecurity_Resources,18,33,ahmedishraq,3
Cybersecurity_Resources,https://github.com/Shivaminc/Cybersecurity_Resources,18,33,anant2003,2
Cybersecurity_Resources,https://github.com/Shivaminc/Cybersecurity_Resources,18,33,starburn-hub,2
Cybersecurity_Resources,https://github.com/Shivaminc/Cybersecurity_Resources,18,33,Devanshu2310,2
Cybersecurity_Resources,https://github.com/Shivaminc/Cybersecurity_Resources,18,33,Durgaprasad101,2
Cybersecurity_Resources,https://github.com/Shivaminc/Cybersecurity_Resources,18,33,H9660,2
Cybersecurity_Resources,https://github.com/Shivaminc/Cybersecurity_Resources,18,33,Kittonn,2
Cybersecurity_Resources,https://github.com/Shivaminc/Cybersecurity_Resources,18,33,ksjadeja,2
Cybersecurity_Resources,https://github.com/Shivaminc/Cybersecurity_Resources,18,33,Mukund32,2
Cybersecurity_Resources,https://github.com/Shivaminc/Cybersecurity_Resources,18,33,piyushkdas0611,2
Cybersecurity_Resources,https://github.com/Shivaminc/Cybersecurity_Resources,18,33,SagarPatil007,2
Cybersecurity_Resources,https://github.com/Shivaminc/Cybersecurity_Resources,18,33,sagar-7227,2
Cybersecurity_Resources,https://github.com/Shivaminc/Cybersecurity_Resources,18,33,rajSaheel,2
Cybersecurity_Resources,https://github.com/Shivaminc/Cybersecurity_Resources,18,33,saluteslim,2
Cybersecurity_Resources,https://github.com/Shivaminc/Cybersecurity_Resources,18,33,Somchandra17,2
Cybersecurity_Resources,https://github.com/Shivaminc/Cybersecurity_Resources,18,33,TenTraicion,2
Cybersecurity_Resources,https://github.com/Shivaminc/Cybersecurity_Resources,18,33,custards,2
Cybersecurity_Resources,https://github.com/Shivaminc/Cybersecurity_Resources,18,33,AnonymousKS,1
Cybersecurity_Resources,https://github.com/Shivaminc/Cybersecurity_Resources,18,33,arefathi,1
Cybersecurity_Resources,https://github.com/Shivaminc/Cybersecurity_Resources,18,33,ayushmokal,1
Cybersecurity_Resources,https://github.com/Shivaminc/Cybersecurity_Resources,18,33,tnkrishnank,1
Cybersecurity_Resources,https://github.com/Shivaminc/Cybersecurity_Resources,18,33,Satantago,1
Cybersecurity_Resources,https://github.com/Shivaminc/Cybersecurity_Resources,18,33,Shadowpii,1
Cybersecurity_Resources,https://github.com/Shivaminc/Cybersecurity_Resources,18,33,ZuhairHossain,1
Cybersecurity_Resources,https://github.com/Shivaminc/Cybersecurity_Resources,18,33,ansharora28,1
Cybersecurity_Resources,https://github.com/Shivaminc/Cybersecurity_Resources,18,33,atulnarayan16,1
Cybersecurity_Resources,https://github.com/Shivaminc/Cybersecurity_Resources,18,33,glacele,1
Cybersecurity_Resources,https://github.com/Shivaminc/Cybersecurity_Resources,18,33,mind8hunter,1
ml-cybersecurity,https://github.com/fisher85/ml-cybersecurity,22,12,fisher85,39
ml-cybersecurity,https://github.com/fisher85/ml-cybersecurity,22,12,a-nikolskaya,1
practical-ml-for-cybersecurity,https://github.com/shramos/practical-ml-for-cybersecurity,61,47,shramos,6
awesome-cybersecurity-conferences,https://github.com/TalEliyahu/awesome-cybersecurity-conferences,217,23,TalEliyahu,166
awesome-cybersecurity-conferences,https://github.com/TalEliyahu/awesome-cybersecurity-conferences,217,23,MuirlandOracle,1
awesome-cybersecurity-conferences,https://github.com/TalEliyahu/awesome-cybersecurity-conferences,217,23,tacodestroyer,1
awesome-cybersecurity-conferences,https://github.com/TalEliyahu/awesome-cybersecurity-conferences,217,23,edoardottt,1
cybersecurity,https://github.com/paulveillard/cybersecurity,47,13,paulveillard,124
AISec,https://github.com/sdnewhop/AISec,40,13,manmolecular,27
AISec,https://github.com/sdnewhop/AISec,40,13,scadastrangelove,18
AISec,https://github.com/sdnewhop/AISec,40,13,dnkolegov,8
Build-a-Cybersecurity-Startup,https://github.com/llSourcell/Build-a-Cybersecurity-Startup,85,32,testaccount553,1
Build-a-Cybersecurity-Startup,https://github.com/llSourcell/Build-a-Cybersecurity-Startup,85,32,llSourcell,1
resources,https://github.com/seal9055/resources,176,24,seal9055,15
RedNixOS,https://github.com/redcode-labs/RedNixOS,135,7,unrooted,11
RedNixOS,https://github.com/redcode-labs/RedNixOS,135,7,viperML,1
RedNixOS,https://github.com/redcode-labs/RedNixOS,135,7,kspalaiologos,1
RedNixOS,https://github.com/redcode-labs/RedNixOS,135,7,lourkeur,1
machine-learning-in-cybersecurity,https://github.com/andrewaeva/machine-learning-in-cybersecurity,40,20,andrewaeva,2
Cybersecurity-Tradecraft,https://github.com/ahhh/Cybersecurity-Tradecraft,90,22,ahhh,78
Microsoft-365-Defender-Hunting-Queries,https://github.com/microsoft/Microsoft-365-Defender-Hunting-Queries,1633,468,tali-ash,363
Microsoft-365-Defender-Hunting-Queries,https://github.com/microsoft/Microsoft-365-Defender-Hunting-Queries,1633,468,martyav,141
Microsoft-365-Defender-Hunting-Queries,https://github.com/microsoft/Microsoft-365-Defender-Hunting-Queries,1633,468,TomerAlpert,115
Microsoft-365-Defender-Hunting-Queries,https://github.com/microsoft/Microsoft-365-Defender-Hunting-Queries,1633,468,mjmelone,100
Microsoft-365-Defender-Hunting-Queries,https://github.com/microsoft/Microsoft-365-Defender-Hunting-Queries,1633,468,endisphotic,80
Microsoft-365-Defender-Hunting-Queries,https://github.com/microsoft/Microsoft-365-Defender-Hunting-Queries,1633,468,dreadphones,54
Microsoft-365-Defender-Hunting-Queries,https://github.com/microsoft/Microsoft-365-Defender-Hunting-Queries,1633,468,darioongit,29
Microsoft-365-Defender-Hunting-Queries,https://github.com/microsoft/Microsoft-365-Defender-Hunting-Queries,1633,468,lomayor,23
Microsoft-365-Defender-Hunting-Queries,https://github.com/microsoft/Microsoft-365-Defender-Hunting-Queries,1633,468,YoshihiroIchinose,22
Microsoft-365-Defender-Hunting-Queries,https://github.com/microsoft/Microsoft-365-Defender-Hunting-Queries,1633,468,alimajalt,22
Microsoft-365-Defender-Hunting-Queries,https://github.com/microsoft/Microsoft-365-Defender-Hunting-Queries,1633,468,jangeisbauer,20
Microsoft-365-Defender-Hunting-Queries,https://github.com/microsoft/Microsoft-365-Defender-Hunting-Queries,1633,468,DulceMontemayor,13
Microsoft-365-Defender-Hunting-Queries,https://github.com/microsoft/Microsoft-365-Defender-Hunting-Queries,1633,468,FlyingBlueMonkey,12
Microsoft-365-Defender-Hunting-Queries,https://github.com/microsoft/Microsoft-365-Defender-Hunting-Queries,1633,468,meni-braun,10
Microsoft-365-Defender-Hunting-Queries,https://github.com/microsoft/Microsoft-365-Defender-Hunting-Queries,1633,468,danaim1,7
Microsoft-365-Defender-Hunting-Queries,https://github.com/microsoft/Microsoft-365-Defender-Hunting-Queries,1633,468,stesell,7
Microsoft-365-Defender-Hunting-Queries,https://github.com/microsoft/Microsoft-365-Defender-Hunting-Queries,1633,468,mcyr5,6
Microsoft-365-Defender-Hunting-Queries,https://github.com/microsoft/Microsoft-365-Defender-Hunting-Queries,1633,468,mwhamiltonut,6
Microsoft-365-Defender-Hunting-Queries,https://github.com/microsoft/Microsoft-365-Defender-Hunting-Queries,1633,468,MiladCA,6
Microsoft-365-Defender-Hunting-Queries,https://github.com/microsoft/Microsoft-365-Defender-Hunting-Queries,1633,468,Iveco,5
Microsoft-365-Defender-Hunting-Queries,https://github.com/microsoft/Microsoft-365-Defender-Hunting-Queries,1633,468,jing-microsoft,5
Microsoft-365-Defender-Hunting-Queries,https://github.com/microsoft/Microsoft-365-Defender-Hunting-Queries,1633,468,AntoineJo,4
Microsoft-365-Defender-Hunting-Queries,https://github.com/microsoft/Microsoft-365-Defender-Hunting-Queries,1633,468,rdejong1979,4
Microsoft-365-Defender-Hunting-Queries,https://github.com/microsoft/Microsoft-365-Defender-Hunting-Queries,1633,468,anthonws,4
Microsoft-365-Defender-Hunting-Queries,https://github.com/microsoft/Microsoft-365-Defender-Hunting-Queries,1633,468,morRubin,4
Microsoft-365-Defender-Hunting-Queries,https://github.com/microsoft/Microsoft-365-Defender-Hunting-Queries,1633,468,pawp81,4
Microsoft-365-Defender-Hunting-Queries,https://github.com/microsoft/Microsoft-365-Defender-Hunting-Queries,1633,468,bstrom,3
Microsoft-365-Defender-Hunting-Queries,https://github.com/microsoft/Microsoft-365-Defender-Hunting-Queries,1633,468,Dylan-J,3
Microsoft-365-Defender-Hunting-Queries,https://github.com/microsoft/Microsoft-365-Defender-Hunting-Queries,1633,468,ItaiZur1,3
Microsoft-365-Defender-Hunting-Queries,https://github.com/microsoft/Microsoft-365-Defender-Hunting-Queries,1633,468,MiladMSFT,3
Microsoft-365-Defender-Hunting-Queries,https://github.com/microsoft/Microsoft-365-Defender-Hunting-Queries,1633,468,YulelogPagoda,3
Microsoft-365-Defender-Hunting-Queries,https://github.com/microsoft/Microsoft-365-Defender-Hunting-Queries,1633,468,miflower,3
Microsoft-365-Defender-Hunting-Queries,https://github.com/microsoft/Microsoft-365-Defender-Hunting-Queries,1633,468,sco-sim,3
Microsoft-365-Defender-Hunting-Queries,https://github.com/microsoft/Microsoft-365-Defender-Hunting-Queries,1633,468,JohnLaTwC,3
Microsoft-365-Defender-Hunting-Queries,https://github.com/microsoft/Microsoft-365-Defender-Hunting-Queries,1633,468,manuelhauch,3
Microsoft-365-Defender-Hunting-Queries,https://github.com/microsoft/Microsoft-365-Defender-Hunting-Queries,1633,468,anvascon,2
Microsoft-365-Defender-Hunting-Queries,https://github.com/microsoft/Microsoft-365-Defender-Hunting-Queries,1633,468,KevinBollengier,2
Microsoft-365-Defender-Hunting-Queries,https://github.com/microsoft/Microsoft-365-Defender-Hunting-Queries,1633,468,ohjeongwook,2
Microsoft-365-Defender-Hunting-Queries,https://github.com/microsoft/Microsoft-365-Defender-Hunting-Queries,1633,468,microsoftopensource,2
Microsoft-365-Defender-Hunting-Queries,https://github.com/microsoft/Microsoft-365-Defender-Hunting-Queries,1633,468,r0ny123,2
Microsoft-365-Defender-Hunting-Queries,https://github.com/microsoft/Microsoft-365-Defender-Hunting-Queries,1633,468,Shivammalaviya,2
Microsoft-365-Defender-Hunting-Queries,https://github.com/microsoft/Microsoft-365-Defender-Hunting-Queries,1633,468,billy-sec,2
Microsoft-365-Defender-Hunting-Queries,https://github.com/microsoft/Microsoft-365-Defender-Hunting-Queries,1633,468,elflorio,2
Microsoft-365-Defender-Hunting-Queries,https://github.com/microsoft/Microsoft-365-Defender-Hunting-Queries,1633,468,mjcaparas,2
Microsoft-365-Defender-Hunting-Queries,https://github.com/microsoft/Microsoft-365-Defender-Hunting-Queries,1633,468,jobaror,2
Microsoft-365-Defender-Hunting-Queries,https://github.com/microsoft/Microsoft-365-Defender-Hunting-Queries,1633,468,TheRealEricOlson,1
Microsoft-365-Defender-Hunting-Queries,https://github.com/microsoft/Microsoft-365-Defender-Hunting-Queries,1633,468,GregCottingham,1
Microsoft-365-Defender-Hunting-Queries,https://github.com/microsoft/Microsoft-365-Defender-Hunting-Queries,1633,468,HeathL17,1
Microsoft-365-Defender-Hunting-Queries,https://github.com/microsoft/Microsoft-365-Defender-Hunting-Queries,1633,468,hritter,1
Microsoft-365-Defender-Hunting-Queries,https://github.com/microsoft/Microsoft-365-Defender-Hunting-Queries,1633,468,JKSG,1
Microsoft-365-Defender-Hunting-Queries,https://github.com/microsoft/Microsoft-365-Defender-Hunting-Queries,1633,468,docbrown1981,1
Microsoft-365-Defender-Hunting-Queries,https://github.com/microsoft/Microsoft-365-Defender-Hunting-Queries,1633,468,JesseEsquivel,1
Microsoft-365-Defender-Hunting-Queries,https://github.com/microsoft/Microsoft-365-Defender-Hunting-Queries,1633,468,maartengoet,1
Microsoft-365-Defender-Hunting-Queries,https://github.com/microsoft/Microsoft-365-Defender-Hunting-Queries,1633,468,makislev,1
Microsoft-365-Defender-Hunting-Queries,https://github.com/microsoft/Microsoft-365-Defender-Hunting-Queries,1633,468,mattiasborg82,1
Microsoft-365-Defender-Hunting-Queries,https://github.com/microsoft/Microsoft-365-Defender-Hunting-Queries,1633,468,Cyb3r-Monk,1
Microsoft-365-Defender-Hunting-Queries,https://github.com/microsoft/Microsoft-365-Defender-Hunting-Queries,1633,468,msftgits,1
Microsoft-365-Defender-Hunting-Queries,https://github.com/microsoft/Microsoft-365-Defender-Hunting-Queries,1633,468,mikepowell,1
Microsoft-365-Defender-Hunting-Queries,https://github.com/microsoft/Microsoft-365-Defender-Hunting-Queries,1633,468,pasilva-msft,1
Microsoft-365-Defender-Hunting-Queries,https://github.com/microsoft/Microsoft-365-Defender-Hunting-Queries,1633,468,rick-bryant,1
Microsoft-365-Defender-Hunting-Queries,https://github.com/microsoft/Microsoft-365-Defender-Hunting-Queries,1633,468,sei-nitc,1
Microsoft-365-Defender-Hunting-Queries,https://github.com/microsoft/Microsoft-365-Defender-Hunting-Queries,1633,468,SpinmanUK-zz,1
Microsoft-365-Defender-Hunting-Queries,https://github.com/microsoft/Microsoft-365-Defender-Hunting-Queries,1633,468,TalmaMs,1
Microsoft-365-Defender-Hunting-Queries,https://github.com/microsoft/Microsoft-365-Defender-Hunting-Queries,1633,468,yujiaoMSFT,1
Microsoft-365-Defender-Hunting-Queries,https://github.com/microsoft/Microsoft-365-Defender-Hunting-Queries,1633,468,aprakash13,1
Microsoft-365-Defender-Hunting-Queries,https://github.com/microsoft/Microsoft-365-Defender-Hunting-Queries,1633,468,bulbafett,1
Microsoft-365-Defender-Hunting-Queries,https://github.com/microsoft/Microsoft-365-Defender-Hunting-Queries,1633,468,julihooper,1
Microsoft-365-Defender-Hunting-Queries,https://github.com/microsoft/Microsoft-365-Defender-Hunting-Queries,1633,468,rosenmoore,1
Microsoft-365-Defender-Hunting-Queries,https://github.com/microsoft/Microsoft-365-Defender-Hunting-Queries,1633,468,vboyev-MSFT,1
security-guidance,https://github.com/ministryofjustice/security-guidance,19,24,warmanaMOJ,1184
security-guidance,https://github.com/ministryofjustice/security-guidance,19,24,joelgsamuel,83
security-guidance,https://github.com/ministryofjustice/security-guidance,19,24,warmana,37
security-guidance,https://github.com/ministryofjustice/security-guidance,19,24,cybersquirrel,30
security-guidance,https://github.com/ministryofjustice/security-guidance,19,24,L-Crosby,17
security-guidance,https://github.com/ministryofjustice/security-guidance,19,24,tomdMOJ,8
security-guidance,https://github.com/ministryofjustice/security-guidance,19,24,JFrost10,5
security-guidance,https://github.com/ministryofjustice/security-guidance,19,24,snyk-bot,5
security-guidance,https://github.com/ministryofjustice/security-guidance,19,24,DLEEMOJ,4
security-guidance,https://github.com/ministryofjustice/security-guidance,19,24,jennyd,4
security-guidance,https://github.com/ministryofjustice/security-guidance,19,24,jakemulley,4
security-guidance,https://github.com/ministryofjustice/security-guidance,19,24,Cybersun256,4
security-guidance,https://github.com/ministryofjustice/security-guidance,19,24,AntonyBishop,3
security-guidance,https://github.com/ministryofjustice/security-guidance,19,24,KayleighAcourt,3
security-guidance,https://github.com/ministryofjustice/security-guidance,19,24,dependabot[bot],3
security-guidance,https://github.com/ministryofjustice/security-guidance,19,24,simonsMOJ,3
security-guidance,https://github.com/ministryofjustice/security-guidance,19,24,AdamMOJ,2
security-guidance,https://github.com/ministryofjustice/security-guidance,19,24,fishihmcts,2
security-guidance,https://github.com/ministryofjustice/security-guidance,19,24,SteveMarshall,2
security-guidance,https://github.com/ministryofjustice/security-guidance,19,24,cmbuckley,1
security-guidance,https://github.com/ministryofjustice/security-guidance,19,24,davidread,1
security-guidance,https://github.com/ministryofjustice/security-guidance,19,24,jabley,1
security-guidance,https://github.com/ministryofjustice/security-guidance,19,24,paul-homer,1
security-guidance,https://github.com/ministryofjustice/security-guidance,19,24,osinghMOJ,1
security-guidance,https://github.com/ministryofjustice/security-guidance,19,24,wallrMOJ,1
CyberSecurity-Resource,https://github.com/Sourabh-HackerEarth/CyberSecurity-Resource,70,29,Sourabh-HackerEarth,3
CyberSecurity-Resource,https://github.com/Sourabh-HackerEarth/CyberSecurity-Resource,70,29,sourabhbhandari,2
Real-CyberSecurity-Datasets,https://github.com/gfek/Real-CyberSecurity-Datasets,123,23,gfek,29
Real-CyberSecurity-Datasets,https://github.com/gfek/Real-CyberSecurity-Datasets,123,23,gubertoli,1
Cybersecurity-Books,https://github.com/zealraj/Cybersecurity-Books,55,20,zealraj,3
nebraska-gencyber-modules,https://github.com/MLHale/nebraska-gencyber-modules,34,37,MLHale,239
nebraska-gencyber-modules,https://github.com/MLHale/nebraska-gencyber-modules,34,37,robinagandhi,77
nebraska-gencyber-modules,https://github.com/MLHale/nebraska-gencyber-modules,34,37,PB5011,57
nebraska-gencyber-modules,https://github.com/MLHale/nebraska-gencyber-modules,34,37,IsaacShrestha,31
nebraska-gencyber-modules,https://github.com/MLHale/nebraska-gencyber-modules,34,37,gewethor,22
nebraska-gencyber-modules,https://github.com/MLHale/nebraska-gencyber-modules,34,37,nadusumilli-unomaha,15
nebraska-gencyber-modules,https://github.com/MLHale/nebraska-gencyber-modules,34,37,quackers18,12
nebraska-gencyber-modules,https://github.com/MLHale/nebraska-gencyber-modules,34,37,micahsgilbert,10
nebraska-gencyber-modules,https://github.com/MLHale/nebraska-gencyber-modules,34,37,victoriach231,9
nebraska-gencyber-modules,https://github.com/MLHale/nebraska-gencyber-modules,34,37,acrone473,7
nebraska-gencyber-modules,https://github.com/MLHale/nebraska-gencyber-modules,34,37,rauschd,6
nebraska-gencyber-modules,https://github.com/MLHale/nebraska-gencyber-modules,34,37,bragagirl,6
nebraska-gencyber-modules,https://github.com/MLHale/nebraska-gencyber-modules,34,37,dannydenenberg,5
nebraska-gencyber-modules,https://github.com/MLHale/nebraska-gencyber-modules,34,37,AaronVigal,3
nebraska-gencyber-modules,https://github.com/MLHale/nebraska-gencyber-modules,34,37,kgenoways,2
nebraska-gencyber-modules,https://github.com/MLHale/nebraska-gencyber-modules,34,37,cdaniels50,1
nebraska-gencyber-modules,https://github.com/MLHale/nebraska-gencyber-modules,34,37,RaeanneS,1
cits1003,https://github.com/uwacsp/cits1003,15,10,oztechmuse,63
vehicle-hacking,https://github.com/mortedamos/vehicle-hacking,47,9,mortedamos,10
ics,https://github.com/aaronbloomfield/ics,15,10,aaronbloomfield,487
ics,https://github.com/aaronbloomfield/ics,15,10,Bartleby2718,38
ics,https://github.com/aaronbloomfield/ics,15,10,dependabot[bot],5
ics,https://github.com/aaronbloomfield/ics,15,10,jrodal98,2
ics,https://github.com/aaronbloomfield/ics,15,10,jonahweissman,1
ics,https://github.com/aaronbloomfield/ics,15,10,Kudbettin,1
cybersecurity,https://github.com/crcep/cybersecurity,112,4,damian-krawczyk,45
IncidentsMindMaps,https://github.com/jipegit/IncidentsMindMaps,31,7,jipegit,40
cybersecurity,https://github.com/alphalegionwarrior/cybersecurity,9,10,alphalegionwarrior,5
cybersecuritybase.github.io,https://github.com/cybersecuritybase/cybersecuritybase.github.io,51,27,nygrenh,112
cybersecuritybase.github.io,https://github.com/cybersecuritybase/cybersecuritybase.github.io,51,27,Hlynrkjaer,19
cybersecuritybase.github.io,https://github.com/cybersecuritybase/cybersecuritybase.github.io,51,27,fetchaxis,10
cybersecuritybase.github.io,https://github.com/cybersecuritybase/cybersecuritybase.github.io,51,27,avihavai,6
cybersecuritybase.github.io,https://github.com/cybersecuritybase/cybersecuritybase.github.io,51,27,ZenSecurity,2
cybersecuritybase.github.io,https://github.com/cybersecuritybase/cybersecuritybase.github.io,51,27,aapzu,1
cybersecuritybase.github.io,https://github.com/cybersecuritybase/cybersecuritybase.github.io,51,27,skiman6010,1
cybersecuritybase.github.io,https://github.com/cybersecuritybase/cybersecuritybase.github.io,51,27,xmunoz,1
cybersecuritybase.github.io,https://github.com/cybersecuritybase/cybersecuritybase.github.io,51,27,Jasonoro,1
cybersecuritybase.github.io,https://github.com/cybersecuritybase/cybersecuritybase.github.io,51,27,jhamberg,1
cybersecuritybase.github.io,https://github.com/cybersecuritybase/cybersecuritybase.github.io,51,27,koivunen,1
cybersecuritybase.github.io,https://github.com/cybersecuritybase/cybersecuritybase.github.io,51,27,mrpapercut,1
cybersecuritybase.github.io,https://github.com/cybersecuritybase/cybersecuritybase.github.io,51,27,kiuru,1
cybersecuritybase.github.io,https://github.com/cybersecuritybase/cybersecuritybase.github.io,51,27,OAarne,1
cybersecuritybase.github.io,https://github.com/cybersecuritybase/cybersecuritybase.github.io,51,27,kingslef,1
cybersecuritybase.github.io,https://github.com/cybersecuritybase/cybersecuritybase.github.io,51,27,chokepoint,1
matano,https://github.com/matanolabs/matano,920,41,Samrose-Ahmed,401
matano,https://github.com/matanolabs/matano,920,41,shaeqahmed,105
matano,https://github.com/matanolabs/matano,920,41,kai-ten,6
matano,https://github.com/matanolabs/matano,920,41,allcontributors[bot],3
matano,https://github.com/matanolabs/matano,920,41,francescor,1
matano,https://github.com/matanolabs/matano,920,41,grue,1
matano,https://github.com/matanolabs/matano,920,41,vtimd,1
matano,https://github.com/matanolabs/matano,920,41,timoguin,1
RedEye,https://github.com/cisagov/RedEye,2232,215,sang2925,59
RedEye,https://github.com/cisagov/RedEye,2232,215,ccarpenter28,56
RedEye,https://github.com/cisagov/RedEye,2232,215,sharplessHQ,45
RedEye,https://github.com/cisagov/RedEye,2232,215,GoldingAustin,37
RedEye,https://github.com/cisagov/RedEye,2232,215,arniebradfo,8
RedEye,https://github.com/cisagov/RedEye,2232,215,aguamentiPatronum,2
RedEye,https://github.com/cisagov/RedEye,2232,215,devanfarrell,2
RedEye,https://github.com/cisagov/RedEye,2232,215,Yablargo,2
decider,https://github.com/cisagov/decider,747,76,damionmounts,33
decider,https://github.com/cisagov/decider,747,76,supermjr,9
decider,https://github.com/cisagov/decider,747,76,mosajjal,2
decider,https://github.com/cisagov/decider,747,76,genericcontributor,2
decider,https://github.com/cisagov/decider,747,76,eltociear,1
decider,https://github.com/cisagov/decider,747,76,saharshtapi,1
CyberSecurity-Hacktober2022,https://github.com/GDSC-JSCOE/CyberSecurity-Hacktober2022,5,66,Jas-02,41
CyberSecurity-Hacktober2022,https://github.com/GDSC-JSCOE/CyberSecurity-Hacktober2022,5,66,cyber-urvesh,33
CyberSecurity-Hacktober2022,https://github.com/GDSC-JSCOE/CyberSecurity-Hacktober2022,5,66,Rudrahota-1,5
CyberSecurity-Hacktober2022,https://github.com/GDSC-JSCOE/CyberSecurity-Hacktober2022,5,66,hey-maa,4
CyberSecurity-Hacktober2022,https://github.com/GDSC-JSCOE/CyberSecurity-Hacktober2022,5,66,Vicky3301,3
CyberSecurity-Hacktober2022,https://github.com/GDSC-JSCOE/CyberSecurity-Hacktober2022,5,66,Azim04,2
CyberSecurity-Hacktober2022,https://github.com/GDSC-JSCOE/CyberSecurity-Hacktober2022,5,66,Nalmru,2
CyberSecurity-Hacktober2022,https://github.com/GDSC-JSCOE/CyberSecurity-Hacktober2022,5,66,Prashant251101,2
CyberSecurity-Hacktober2022,https://github.com/GDSC-JSCOE/CyberSecurity-Hacktober2022,5,66,ahddrahs,2
CyberSecurity-Hacktober2022,https://github.com/GDSC-JSCOE/CyberSecurity-Hacktober2022,5,66,enigmacoder-bot,2
CyberSecurity-Hacktober2022,https://github.com/GDSC-JSCOE/CyberSecurity-Hacktober2022,5,66,vishalabhange,1
CyberSecurity-Hacktober2022,https://github.com/GDSC-JSCOE/CyberSecurity-Hacktober2022,5,66,adarsh1pandey,1
CyberSecurity-Hacktober2022,https://github.com/GDSC-JSCOE/CyberSecurity-Hacktober2022,5,66,adwit53,1
CyberSecurity-Hacktober2022,https://github.com/GDSC-JSCOE/CyberSecurity-Hacktober2022,5,66,anchalkesare,1
CyberSecurity-Hacktober2022,https://github.com/GDSC-JSCOE/CyberSecurity-Hacktober2022,5,66,BUNNY2210,1
CyberSecurity-Hacktober2022,https://github.com/GDSC-JSCOE/CyberSecurity-Hacktober2022,5,66,PAVANNANI007,1
CyberSecurity-Hacktober2022,https://github.com/GDSC-JSCOE/CyberSecurity-Hacktober2022,5,66,devnayyar,1
CyberSecurity-Hacktober2022,https://github.com/GDSC-JSCOE/CyberSecurity-Hacktober2022,5,66,DiyaGandhi16,1
CyberSecurity-Hacktober2022,https://github.com/GDSC-JSCOE/CyberSecurity-Hacktober2022,5,66,gaurav6686,1
CyberSecurity-Hacktober2022,https://github.com/GDSC-JSCOE/CyberSecurity-Hacktober2022,5,66,HARSHITSHARMA18,1
CyberSecurity-Hacktober2022,https://github.com/GDSC-JSCOE/CyberSecurity-Hacktober2022,5,66,hasidiluk,1
CyberSecurity-Hacktober2022,https://github.com/GDSC-JSCOE/CyberSecurity-Hacktober2022,5,66,Jay7221,1
CyberSecurity-Hacktober2022,https://github.com/GDSC-JSCOE/CyberSecurity-Hacktober2022,5,66,KocoMelon,1
CyberSecurity-Hacktober2022,https://github.com/GDSC-JSCOE/CyberSecurity-Hacktober2022,5,66,Muthulakshimi,1
CyberSecurity-Hacktober2022,https://github.com/GDSC-JSCOE/CyberSecurity-Hacktober2022,5,66,okworkspace,1
CyberSecurity-Hacktober2022,https://github.com/GDSC-JSCOE/CyberSecurity-Hacktober2022,5,66,Pranav-95,1
CyberSecurity-Hacktober2022,https://github.com/GDSC-JSCOE/CyberSecurity-Hacktober2022,5,66,Tembhurni,1
CyberSecurity-Hacktober2022,https://github.com/GDSC-JSCOE/CyberSecurity-Hacktober2022,5,66,Gaurav-2803,1
CyberSecurity-Hacktober2022,https://github.com/GDSC-JSCOE/CyberSecurity-Hacktober2022,5,66,RiddhiRaj,1
CyberSecurity-Hacktober2022,https://github.com/GDSC-JSCOE/CyberSecurity-Hacktober2022,5,66,Sahilvvi,1
CyberSecurity-Hacktober2022,https://github.com/GDSC-JSCOE/CyberSecurity-Hacktober2022,5,66,SAKSHI1721,1
CyberSecurity-Hacktober2022,https://github.com/GDSC-JSCOE/CyberSecurity-Hacktober2022,5,66,Sanika8050,1
CyberSecurity-Hacktober2022,https://github.com/GDSC-JSCOE/CyberSecurity-Hacktober2022,5,66,Unique-py,1
CyberSecurity-Hacktober2022,https://github.com/GDSC-JSCOE/CyberSecurity-Hacktober2022,5,66,vaarunh,1
CyberSecurity-Hacktober2022,https://github.com/GDSC-JSCOE/CyberSecurity-Hacktober2022,5,66,Senku01,1
CyberSecurity-Hacktober2022,https://github.com/GDSC-JSCOE/CyberSecurity-Hacktober2022,5,66,Vijay-mulani01,1
CyberSecurity-Hacktober2022,https://github.com/GDSC-JSCOE/CyberSecurity-Hacktober2022,5,66,Vishal18c,1
CyberSecurity-Hacktober2022,https://github.com/GDSC-JSCOE/CyberSecurity-Hacktober2022,5,66,adiibhagwat1968,1
CyberSecurity-Hacktober2022,https://github.com/GDSC-JSCOE/CyberSecurity-Hacktober2022,5,66,anu123321,1
CyberSecurity-Hacktober2022,https://github.com/GDSC-JSCOE/CyberSecurity-Hacktober2022,5,66,asmitjn,1
CyberSecurity-Hacktober2022,https://github.com/GDSC-JSCOE/CyberSecurity-Hacktober2022,5,66,ayrotideysarkar,1
CyberSecurity-Hacktober2022,https://github.com/GDSC-JSCOE/CyberSecurity-Hacktober2022,5,66,Atewhs,1
blackbird,https://github.com/p1ngul1n0/blackbird,1558,220,p1ngul1n0,274
blackbird,https://github.com/p1ngul1n0/blackbird,1558,220,Pandede,22
blackbird,https://github.com/p1ngul1n0/blackbird,1558,220,yutodadil,6
blackbird,https://github.com/p1ngul1n0/blackbird,1558,220,tr33n,3
blackbird,https://github.com/p1ngul1n0/blackbird,1558,220,Bryan-Herrera-DEV,2
blackbird,https://github.com/p1ngul1n0/blackbird,1558,220,qqux,2
blackbird,https://github.com/p1ngul1n0/blackbird,1558,220,wymiotkloaki,2
blackbird,https://github.com/p1ngul1n0/blackbird,1558,220,devXprite,2
blackbird,https://github.com/p1ngul1n0/blackbird,1558,220,ChrisCarini,1
blackbird,https://github.com/p1ngul1n0/blackbird,1558,220,DominicRodriguez,1
blackbird,https://github.com/p1ngul1n0/blackbird,1558,220,LsvanDarko,1
blackbird,https://github.com/p1ngul1n0/blackbird,1558,220,dwaltsch,1
blackbird,https://github.com/p1ngul1n0/blackbird,1558,220,RelatedTitle,1
blackbird,https://github.com/p1ngul1n0/blackbird,1558,220,Sebsebzen,1
